2025-01-07 18:56:32.490  WARN 106401 --- [main] io.undertow.websockets.jsr               : UT026010: Buffer pool was not set on WebSocketDeploymentInfo, the default pool will be used
2025-01-07 18:56:33.849  WARN 106401 --- [main] l.server.config.SentryConfiguration      : Turning off sentry
2025-01-07 18:56:50.181  WARN 106792 --- [main] io.undertow.websockets.jsr               : UT026010: Buffer pool was not set on WebSocketDeploymentInfo, the default pool will be used
2025-01-07 18:56:51.470  WARN 106792 --- [main] l.server.config.SentryConfiguration      : Turning off sentry
2025-01-07 19:00:29.107  WARN 108491 --- [main] io.undertow.websockets.jsr               : UT026010: Buffer pool was not set on WebSocketDeploymentInfo, the default pool will be used
2025-01-07 19:00:30.289  WARN 108491 --- [main] l.server.config.SentryConfiguration      : Turning off sentry
2025-01-07 19:02:41.051  WARN 109801 --- [main] io.undertow.websockets.jsr               : UT026010: Buffer pool was not set on WebSocketDeploymentInfo, the default pool will be used
2025-01-07 19:02:42.177  WARN 109801 --- [main] l.server.config.SentryConfiguration      : Turning off sentry
2025-01-07 19:05:34.993  WARN 111209 --- [main] io.undertow.websockets.jsr               : UT026010: Buffer pool was not set on WebSocketDeploymentInfo, the default pool will be used
2025-01-07 19:05:36.402  WARN 111209 --- [main] l.server.config.SentryConfiguration      : Turning off sentry
2025-01-07 19:07:54.353  WARN 112581 --- [main] io.undertow.websockets.jsr               : UT026010: Buffer pool was not set on WebSocketDeploymentInfo, the default pool will be used
2025-01-07 19:07:55.613  WARN 112581 --- [main] l.server.config.SentryConfiguration      : Turning off sentry
2025-01-07 19:13:20.497  WARN 114954 --- [main] io.undertow.websockets.jsr               : UT026010: Buffer pool was not set on WebSocketDeploymentInfo, the default pool will be used
2025-01-07 19:13:21.669  WARN 114954 --- [main] l.server.config.SentryConfiguration      : Turning off sentry
2025-01-07 21:23:46.172  WARN 4056 --- [main] io.undertow.websockets.jsr               : UT026010: Buffer pool was not set on WebSocketDeploymentInfo, the default pool will be used
2025-01-07 21:23:47.382  WARN 4056 --- [main] l.server.config.SentryConfiguration      : Turning off sentry
2025-01-07 21:25:36.153  WARN 6158 --- [main] io.undertow.websockets.jsr               : UT026010: Buffer pool was not set on WebSocketDeploymentInfo, the default pool will be used
2025-01-07 21:25:37.171  WARN 6158 --- [main] l.server.config.SentryConfiguration      : Turning off sentry
2025-01-07 21:26:10.838  WARN 7157 --- [main] io.undertow.websockets.jsr               : UT026010: Buffer pool was not set on WebSocketDeploymentInfo, the default pool will be used
2025-01-07 21:26:56.245  WARN 8941 --- [main] io.undertow.websockets.jsr               : UT026010: Buffer pool was not set on WebSocketDeploymentInfo, the default pool will be used
2025-01-07 21:26:57.383  WARN 8941 --- [main] l.server.config.SentryConfiguration      : Turning off sentry
2025-01-07 21:47:45.092  WARN 21570 --- [main] io.undertow.websockets.jsr               : UT026010: Buffer pool was not set on WebSocketDeploymentInfo, the default pool will be used
2025-01-07 21:47:46.210  WARN 21570 --- [main] l.server.config.SentryConfiguration      : Turning off sentry
2025-01-07 21:53:39.000  WARN 26103 --- [main] io.undertow.websockets.jsr               : UT026010: Buffer pool was not set on WebSocketDeploymentInfo, the default pool will be used
2025-01-07 21:53:43.945  WARN 26103 --- [main] l.server.config.SentryConfiguration      : Turning off sentry
2025-01-07 21:53:44.463  WARN 26103 --- [main] ConfigServletWebServerApplicationContext : Exception encountered during context initialization - cancelling refresh attempt: org.springframework.context.ApplicationContextException: Failed to start bean 'webServerStartStop'; nested exception is org.springframework.boot.web.server.PortInUseException: Port 8080 is already in use
2025-01-07 21:53:44.475 ERROR 26103 --- [main] lavalink.server.Launcher                 : Application failed

org.springframework.context.ApplicationContextException: Failed to start bean 'webServerStartStop'; nested exception is org.springframework.boot.web.server.PortInUseException: Port 8080 is already in use
	at org.springframework.context.support.DefaultLifecycleProcessor.doStart(DefaultLifecycleProcessor.java:181) ~[spring-context-5.3.18.jar!/:5.3.18]
	at org.springframework.context.support.DefaultLifecycleProcessor.access$200(DefaultLifecycleProcessor.java:54) ~[spring-context-5.3.18.jar!/:5.3.18]
	at org.springframework.context.support.DefaultLifecycleProcessor$LifecycleGroup.start(DefaultLifecycleProcessor.java:356) ~[spring-context-5.3.18.jar!/:5.3.18]
	at java.base/java.lang.Iterable.forEach(Iterable.java:75) ~[na:na]
	at org.springframework.context.support.DefaultLifecycleProcessor.startBeans(DefaultLifecycleProcessor.java:155) ~[spring-context-5.3.18.jar!/:5.3.18]
	at org.springframework.context.support.DefaultLifecycleProcessor.onRefresh(DefaultLifecycleProcessor.java:123) ~[spring-context-5.3.18.jar!/:5.3.18]
	at org.springframework.context.support.AbstractApplicationContext.finishRefresh(AbstractApplicationContext.java:935) ~[spring-context-5.3.18.jar!/:5.3.18]
	at org.springframework.context.support.AbstractApplicationContext.refresh(AbstractApplicationContext.java:586) ~[spring-context-5.3.18.jar!/:5.3.18]
	at org.springframework.boot.web.servlet.context.ServletWebServerApplicationContext.refresh(ServletWebServerApplicationContext.java:145) ~[spring-boot-2.6.6.jar!/:2.6.6]
	at org.springframework.boot.SpringApplication.refresh(SpringApplication.java:740) ~[spring-boot-2.6.6.jar!/:2.6.6]
	at org.springframework.boot.SpringApplication.refreshContext(SpringApplication.java:415) ~[spring-boot-2.6.6.jar!/:2.6.6]
	at org.springframework.boot.SpringApplication.run(SpringApplication.java:303) ~[spring-boot-2.6.6.jar!/:2.6.6]
	at org.springframework.boot.builder.SpringApplicationBuilder.run(SpringApplicationBuilder.java:164) ~[spring-boot-2.6.6.jar!/:2.6.6]
	at lavalink.server.Launcher.launchMain(Launcher.kt:165) ~[classes!/:na]
	at lavalink.server.Launcher.main(Launcher.kt:127) ~[classes!/:na]
	at java.base/jdk.internal.reflect.NativeMethodAccessorImpl.invoke0(Native Method) ~[na:na]
	at java.base/jdk.internal.reflect.NativeMethodAccessorImpl.invoke(NativeMethodAccessorImpl.java:78) ~[na:na]
	at java.base/jdk.internal.reflect.DelegatingMethodAccessorImpl.invoke(DelegatingMethodAccessorImpl.java:43) ~[na:na]
	at java.base/java.lang.reflect.Method.invoke(Method.java:567) ~[na:na]
	at org.springframework.boot.loader.MainMethodRunner.run(MainMethodRunner.java:49) ~[Lavalink.jar:na]
	at org.springframework.boot.loader.Launcher.launch(Launcher.java:108) ~[Lavalink.jar:na]
	at org.springframework.boot.loader.Launcher.launch(Launcher.java:58) ~[Lavalink.jar:na]
	at org.springframework.boot.loader.JarLauncher.main(JarLauncher.java:88) ~[Lavalink.jar:na]
Caused by: org.springframework.boot.web.server.PortInUseException: Port 8080 is already in use
	at org.springframework.boot.web.embedded.undertow.UndertowWebServer.lambda$start$0(UndertowWebServer.java:127) ~[spring-boot-2.6.6.jar!/:2.6.6]
	at org.springframework.boot.web.server.PortInUseException.lambda$ifPortBindingException$1(PortInUseException.java:85) ~[spring-boot-2.6.6.jar!/:2.6.6]
	at org.springframework.boot.web.server.PortInUseException.ifCausedBy(PortInUseException.java:103) ~[spring-boot-2.6.6.jar!/:2.6.6]
	at org.springframework.boot.web.server.PortInUseException.ifPortBindingException(PortInUseException.java:82) ~[spring-boot-2.6.6.jar!/:2.6.6]
	at org.springframework.boot.web.embedded.undertow.UndertowWebServer.start(UndertowWebServer.java:123) ~[spring-boot-2.6.6.jar!/:2.6.6]
	at org.springframework.boot.web.servlet.context.WebServerStartStopLifecycle.start(WebServerStartStopLifecycle.java:43) ~[spring-boot-2.6.6.jar!/:2.6.6]
	at org.springframework.context.support.DefaultLifecycleProcessor.doStart(DefaultLifecycleProcessor.java:178) ~[spring-context-5.3.18.jar!/:5.3.18]
	... 22 common frames omitted

2025-01-07 21:53:44.506 ERROR 26103 --- [main] o.s.b.d.LoggingFailureAnalysisReporter   : 

***************************
APPLICATION FAILED TO START
***************************

Description:

Web server failed to start. Port 8080 was already in use.

Action:

Identify and stop the process that's listening on port 8080 or configure this application to listen on another port.

2025-01-07 21:53:54.523  WARN 26410 --- [main] io.undertow.websockets.jsr               : UT026010: Buffer pool was not set on WebSocketDeploymentInfo, the default pool will be used
2025-01-07 21:53:55.722  WARN 26410 --- [main] l.server.config.SentryConfiguration      : Turning off sentry
2025-01-07 21:53:56.193  WARN 26410 --- [main] ConfigServletWebServerApplicationContext : Exception encountered during context initialization - cancelling refresh attempt: org.springframework.context.ApplicationContextException: Failed to start bean 'webServerStartStop'; nested exception is org.springframework.boot.web.server.PortInUseException: Port 8080 is already in use
2025-01-07 21:53:56.204 ERROR 26410 --- [main] lavalink.server.Launcher                 : Application failed

org.springframework.context.ApplicationContextException: Failed to start bean 'webServerStartStop'; nested exception is org.springframework.boot.web.server.PortInUseException: Port 8080 is already in use
	at org.springframework.context.support.DefaultLifecycleProcessor.doStart(DefaultLifecycleProcessor.java:181) ~[spring-context-5.3.18.jar!/:5.3.18]
	at org.springframework.context.support.DefaultLifecycleProcessor.access$200(DefaultLifecycleProcessor.java:54) ~[spring-context-5.3.18.jar!/:5.3.18]
	at org.springframework.context.support.DefaultLifecycleProcessor$LifecycleGroup.start(DefaultLifecycleProcessor.java:356) ~[spring-context-5.3.18.jar!/:5.3.18]
	at java.base/java.lang.Iterable.forEach(Iterable.java:75) ~[na:na]
	at org.springframework.context.support.DefaultLifecycleProcessor.startBeans(DefaultLifecycleProcessor.java:155) ~[spring-context-5.3.18.jar!/:5.3.18]
	at org.springframework.context.support.DefaultLifecycleProcessor.onRefresh(DefaultLifecycleProcessor.java:123) ~[spring-context-5.3.18.jar!/:5.3.18]
	at org.springframework.context.support.AbstractApplicationContext.finishRefresh(AbstractApplicationContext.java:935) ~[spring-context-5.3.18.jar!/:5.3.18]
	at org.springframework.context.support.AbstractApplicationContext.refresh(AbstractApplicationContext.java:586) ~[spring-context-5.3.18.jar!/:5.3.18]
	at org.springframework.boot.web.servlet.context.ServletWebServerApplicationContext.refresh(ServletWebServerApplicationContext.java:145) ~[spring-boot-2.6.6.jar!/:2.6.6]
	at org.springframework.boot.SpringApplication.refresh(SpringApplication.java:740) ~[spring-boot-2.6.6.jar!/:2.6.6]
	at org.springframework.boot.SpringApplication.refreshContext(SpringApplication.java:415) ~[spring-boot-2.6.6.jar!/:2.6.6]
	at org.springframework.boot.SpringApplication.run(SpringApplication.java:303) ~[spring-boot-2.6.6.jar!/:2.6.6]
	at org.springframework.boot.builder.SpringApplicationBuilder.run(SpringApplicationBuilder.java:164) ~[spring-boot-2.6.6.jar!/:2.6.6]
	at lavalink.server.Launcher.launchMain(Launcher.kt:165) ~[classes!/:na]
	at lavalink.server.Launcher.main(Launcher.kt:127) ~[classes!/:na]
	at java.base/jdk.internal.reflect.NativeMethodAccessorImpl.invoke0(Native Method) ~[na:na]
	at java.base/jdk.internal.reflect.NativeMethodAccessorImpl.invoke(NativeMethodAccessorImpl.java:78) ~[na:na]
	at java.base/jdk.internal.reflect.DelegatingMethodAccessorImpl.invoke(DelegatingMethodAccessorImpl.java:43) ~[na:na]
	at java.base/java.lang.reflect.Method.invoke(Method.java:567) ~[na:na]
	at org.springframework.boot.loader.MainMethodRunner.run(MainMethodRunner.java:49) ~[Lavalink.jar:na]
	at org.springframework.boot.loader.Launcher.launch(Launcher.java:108) ~[Lavalink.jar:na]
	at org.springframework.boot.loader.Launcher.launch(Launcher.java:58) ~[Lavalink.jar:na]
	at org.springframework.boot.loader.JarLauncher.main(JarLauncher.java:88) ~[Lavalink.jar:na]
Caused by: org.springframework.boot.web.server.PortInUseException: Port 8080 is already in use
	at org.springframework.boot.web.embedded.undertow.UndertowWebServer.lambda$start$0(UndertowWebServer.java:127) ~[spring-boot-2.6.6.jar!/:2.6.6]
	at org.springframework.boot.web.server.PortInUseException.lambda$ifPortBindingException$1(PortInUseException.java:85) ~[spring-boot-2.6.6.jar!/:2.6.6]
	at org.springframework.boot.web.server.PortInUseException.ifCausedBy(PortInUseException.java:103) ~[spring-boot-2.6.6.jar!/:2.6.6]
	at org.springframework.boot.web.server.PortInUseException.ifPortBindingException(PortInUseException.java:82) ~[spring-boot-2.6.6.jar!/:2.6.6]
	at org.springframework.boot.web.embedded.undertow.UndertowWebServer.start(UndertowWebServer.java:123) ~[spring-boot-2.6.6.jar!/:2.6.6]
	at org.springframework.boot.web.servlet.context.WebServerStartStopLifecycle.start(WebServerStartStopLifecycle.java:43) ~[spring-boot-2.6.6.jar!/:2.6.6]
	at org.springframework.context.support.DefaultLifecycleProcessor.doStart(DefaultLifecycleProcessor.java:178) ~[spring-context-5.3.18.jar!/:5.3.18]
	... 22 common frames omitted

2025-01-07 21:53:56.257 ERROR 26410 --- [main] o.s.b.d.LoggingFailureAnalysisReporter   : 

***************************
APPLICATION FAILED TO START
***************************

Description:

Web server failed to start. Port 8080 was already in use.

Action:

Identify and stop the process that's listening on port 8080 or configure this application to listen on another port.

2025-01-07 21:54:05.297  WARN 26636 --- [main] io.undertow.websockets.jsr               : UT026010: Buffer pool was not set on WebSocketDeploymentInfo, the default pool will be used
2025-01-07 21:54:06.380  WARN 26636 --- [main] l.server.config.SentryConfiguration      : Turning off sentry
2025-01-07 21:54:06.936  WARN 26636 --- [main] ConfigServletWebServerApplicationContext : Exception encountered during context initialization - cancelling refresh attempt: org.springframework.context.ApplicationContextException: Failed to start bean 'webServerStartStop'; nested exception is org.springframework.boot.web.server.PortInUseException: Port 8080 is already in use
2025-01-07 21:54:06.948 ERROR 26636 --- [main] lavalink.server.Launcher                 : Application failed

org.springframework.context.ApplicationContextException: Failed to start bean 'webServerStartStop'; nested exception is org.springframework.boot.web.server.PortInUseException: Port 8080 is already in use
	at org.springframework.context.support.DefaultLifecycleProcessor.doStart(DefaultLifecycleProcessor.java:181) ~[spring-context-5.3.18.jar!/:5.3.18]
	at org.springframework.context.support.DefaultLifecycleProcessor.access$200(DefaultLifecycleProcessor.java:54) ~[spring-context-5.3.18.jar!/:5.3.18]
	at org.springframework.context.support.DefaultLifecycleProcessor$LifecycleGroup.start(DefaultLifecycleProcessor.java:356) ~[spring-context-5.3.18.jar!/:5.3.18]
	at java.base/java.lang.Iterable.forEach(Iterable.java:75) ~[na:na]
	at org.springframework.context.support.DefaultLifecycleProcessor.startBeans(DefaultLifecycleProcessor.java:155) ~[spring-context-5.3.18.jar!/:5.3.18]
	at org.springframework.context.support.DefaultLifecycleProcessor.onRefresh(DefaultLifecycleProcessor.java:123) ~[spring-context-5.3.18.jar!/:5.3.18]
	at org.springframework.context.support.AbstractApplicationContext.finishRefresh(AbstractApplicationContext.java:935) ~[spring-context-5.3.18.jar!/:5.3.18]
	at org.springframework.context.support.AbstractApplicationContext.refresh(AbstractApplicationContext.java:586) ~[spring-context-5.3.18.jar!/:5.3.18]
	at org.springframework.boot.web.servlet.context.ServletWebServerApplicationContext.refresh(ServletWebServerApplicationContext.java:145) ~[spring-boot-2.6.6.jar!/:2.6.6]
	at org.springframework.boot.SpringApplication.refresh(SpringApplication.java:740) ~[spring-boot-2.6.6.jar!/:2.6.6]
	at org.springframework.boot.SpringApplication.refreshContext(SpringApplication.java:415) ~[spring-boot-2.6.6.jar!/:2.6.6]
	at org.springframework.boot.SpringApplication.run(SpringApplication.java:303) ~[spring-boot-2.6.6.jar!/:2.6.6]
	at org.springframework.boot.builder.SpringApplicationBuilder.run(SpringApplicationBuilder.java:164) ~[spring-boot-2.6.6.jar!/:2.6.6]
	at lavalink.server.Launcher.launchMain(Launcher.kt:165) ~[classes!/:na]
	at lavalink.server.Launcher.main(Launcher.kt:127) ~[classes!/:na]
	at java.base/jdk.internal.reflect.NativeMethodAccessorImpl.invoke0(Native Method) ~[na:na]
	at java.base/jdk.internal.reflect.NativeMethodAccessorImpl.invoke(NativeMethodAccessorImpl.java:78) ~[na:na]
	at java.base/jdk.internal.reflect.DelegatingMethodAccessorImpl.invoke(DelegatingMethodAccessorImpl.java:43) ~[na:na]
	at java.base/java.lang.reflect.Method.invoke(Method.java:567) ~[na:na]
	at org.springframework.boot.loader.MainMethodRunner.run(MainMethodRunner.java:49) ~[Lavalink.jar:na]
	at org.springframework.boot.loader.Launcher.launch(Launcher.java:108) ~[Lavalink.jar:na]
	at org.springframework.boot.loader.Launcher.launch(Launcher.java:58) ~[Lavalink.jar:na]
	at org.springframework.boot.loader.JarLauncher.main(JarLauncher.java:88) ~[Lavalink.jar:na]
Caused by: org.springframework.boot.web.server.PortInUseException: Port 8080 is already in use
	at org.springframework.boot.web.embedded.undertow.UndertowWebServer.lambda$start$0(UndertowWebServer.java:127) ~[spring-boot-2.6.6.jar!/:2.6.6]
	at org.springframework.boot.web.server.PortInUseException.lambda$ifPortBindingException$1(PortInUseException.java:85) ~[spring-boot-2.6.6.jar!/:2.6.6]
	at org.springframework.boot.web.server.PortInUseException.ifCausedBy(PortInUseException.java:103) ~[spring-boot-2.6.6.jar!/:2.6.6]
	at org.springframework.boot.web.server.PortInUseException.ifPortBindingException(PortInUseException.java:82) ~[spring-boot-2.6.6.jar!/:2.6.6]
	at org.springframework.boot.web.embedded.undertow.UndertowWebServer.start(UndertowWebServer.java:123) ~[spring-boot-2.6.6.jar!/:2.6.6]
	at org.springframework.boot.web.servlet.context.WebServerStartStopLifecycle.start(WebServerStartStopLifecycle.java:43) ~[spring-boot-2.6.6.jar!/:2.6.6]
	at org.springframework.context.support.DefaultLifecycleProcessor.doStart(DefaultLifecycleProcessor.java:178) ~[spring-context-5.3.18.jar!/:5.3.18]
	... 22 common frames omitted

2025-01-07 21:54:06.978 ERROR 26636 --- [main] o.s.b.d.LoggingFailureAnalysisReporter   : 

***************************
APPLICATION FAILED TO START
***************************

Description:

Web server failed to start. Port 8080 was already in use.

Action:

Identify and stop the process that's listening on port 8080 or configure this application to listen on another port.

2025-01-07 21:54:16.030  WARN 26866 --- [main] io.undertow.websockets.jsr               : UT026010: Buffer pool was not set on WebSocketDeploymentInfo, the default pool will be used
2025-01-07 21:54:17.166  WARN 26866 --- [main] l.server.config.SentryConfiguration      : Turning off sentry
2025-01-07 21:54:17.629  WARN 26866 --- [main] ConfigServletWebServerApplicationContext : Exception encountered during context initialization - cancelling refresh attempt: org.springframework.context.ApplicationContextException: Failed to start bean 'webServerStartStop'; nested exception is org.springframework.boot.web.server.PortInUseException: Port 8080 is already in use
2025-01-07 21:54:17.650 ERROR 26866 --- [main] lavalink.server.Launcher                 : Application failed

org.springframework.context.ApplicationContextException: Failed to start bean 'webServerStartStop'; nested exception is org.springframework.boot.web.server.PortInUseException: Port 8080 is already in use
	at org.springframework.context.support.DefaultLifecycleProcessor.doStart(DefaultLifecycleProcessor.java:181) ~[spring-context-5.3.18.jar!/:5.3.18]
	at org.springframework.context.support.DefaultLifecycleProcessor.access$200(DefaultLifecycleProcessor.java:54) ~[spring-context-5.3.18.jar!/:5.3.18]
	at org.springframework.context.support.DefaultLifecycleProcessor$LifecycleGroup.start(DefaultLifecycleProcessor.java:356) ~[spring-context-5.3.18.jar!/:5.3.18]
	at java.base/java.lang.Iterable.forEach(Iterable.java:75) ~[na:na]
	at org.springframework.context.support.DefaultLifecycleProcessor.startBeans(DefaultLifecycleProcessor.java:155) ~[spring-context-5.3.18.jar!/:5.3.18]
	at org.springframework.context.support.DefaultLifecycleProcessor.onRefresh(DefaultLifecycleProcessor.java:123) ~[spring-context-5.3.18.jar!/:5.3.18]
	at org.springframework.context.support.AbstractApplicationContext.finishRefresh(AbstractApplicationContext.java:935) ~[spring-context-5.3.18.jar!/:5.3.18]
	at org.springframework.context.support.AbstractApplicationContext.refresh(AbstractApplicationContext.java:586) ~[spring-context-5.3.18.jar!/:5.3.18]
	at org.springframework.boot.web.servlet.context.ServletWebServerApplicationContext.refresh(ServletWebServerApplicationContext.java:145) ~[spring-boot-2.6.6.jar!/:2.6.6]
	at org.springframework.boot.SpringApplication.refresh(SpringApplication.java:740) ~[spring-boot-2.6.6.jar!/:2.6.6]
	at org.springframework.boot.SpringApplication.refreshContext(SpringApplication.java:415) ~[spring-boot-2.6.6.jar!/:2.6.6]
	at org.springframework.boot.SpringApplication.run(SpringApplication.java:303) ~[spring-boot-2.6.6.jar!/:2.6.6]
	at org.springframework.boot.builder.SpringApplicationBuilder.run(SpringApplicationBuilder.java:164) ~[spring-boot-2.6.6.jar!/:2.6.6]
	at lavalink.server.Launcher.launchMain(Launcher.kt:165) ~[classes!/:na]
	at lavalink.server.Launcher.main(Launcher.kt:127) ~[classes!/:na]
	at java.base/jdk.internal.reflect.NativeMethodAccessorImpl.invoke0(Native Method) ~[na:na]
	at java.base/jdk.internal.reflect.NativeMethodAccessorImpl.invoke(NativeMethodAccessorImpl.java:78) ~[na:na]
	at java.base/jdk.internal.reflect.DelegatingMethodAccessorImpl.invoke(DelegatingMethodAccessorImpl.java:43) ~[na:na]
	at java.base/java.lang.reflect.Method.invoke(Method.java:567) ~[na:na]
	at org.springframework.boot.loader.MainMethodRunner.run(MainMethodRunner.java:49) ~[Lavalink.jar:na]
	at org.springframework.boot.loader.Launcher.launch(Launcher.java:108) ~[Lavalink.jar:na]
	at org.springframework.boot.loader.Launcher.launch(Launcher.java:58) ~[Lavalink.jar:na]
	at org.springframework.boot.loader.JarLauncher.main(JarLauncher.java:88) ~[Lavalink.jar:na]
Caused by: org.springframework.boot.web.server.PortInUseException: Port 8080 is already in use
	at org.springframework.boot.web.embedded.undertow.UndertowWebServer.lambda$start$0(UndertowWebServer.java:127) ~[spring-boot-2.6.6.jar!/:2.6.6]
	at org.springframework.boot.web.server.PortInUseException.lambda$ifPortBindingException$1(PortInUseException.java:85) ~[spring-boot-2.6.6.jar!/:2.6.6]
	at org.springframework.boot.web.server.PortInUseException.ifCausedBy(PortInUseException.java:103) ~[spring-boot-2.6.6.jar!/:2.6.6]
	at org.springframework.boot.web.server.PortInUseException.ifPortBindingException(PortInUseException.java:82) ~[spring-boot-2.6.6.jar!/:2.6.6]
	at org.springframework.boot.web.embedded.undertow.UndertowWebServer.start(UndertowWebServer.java:123) ~[spring-boot-2.6.6.jar!/:2.6.6]
	at org.springframework.boot.web.servlet.context.WebServerStartStopLifecycle.start(WebServerStartStopLifecycle.java:43) ~[spring-boot-2.6.6.jar!/:2.6.6]
	at org.springframework.context.support.DefaultLifecycleProcessor.doStart(DefaultLifecycleProcessor.java:178) ~[spring-context-5.3.18.jar!/:5.3.18]
	... 22 common frames omitted

2025-01-07 21:54:17.719 ERROR 26866 --- [main] o.s.b.d.LoggingFailureAnalysisReporter   : 

***************************
APPLICATION FAILED TO START
***************************

Description:

Web server failed to start. Port 8080 was already in use.

Action:

Identify and stop the process that's listening on port 8080 or configure this application to listen on another port.

2025-01-07 21:54:26.638  WARN 27095 --- [main] io.undertow.websockets.jsr               : UT026010: Buffer pool was not set on WebSocketDeploymentInfo, the default pool will be used
2025-01-07 21:54:27.861  WARN 27095 --- [main] l.server.config.SentryConfiguration      : Turning off sentry
2025-01-07 21:54:28.368  WARN 27095 --- [main] ConfigServletWebServerApplicationContext : Exception encountered during context initialization - cancelling refresh attempt: org.springframework.context.ApplicationContextException: Failed to start bean 'webServerStartStop'; nested exception is org.springframework.boot.web.server.PortInUseException: Port 8080 is already in use
2025-01-07 21:54:28.380 ERROR 27095 --- [main] lavalink.server.Launcher                 : Application failed

org.springframework.context.ApplicationContextException: Failed to start bean 'webServerStartStop'; nested exception is org.springframework.boot.web.server.PortInUseException: Port 8080 is already in use
	at org.springframework.context.support.DefaultLifecycleProcessor.doStart(DefaultLifecycleProcessor.java:181) ~[spring-context-5.3.18.jar!/:5.3.18]
	at org.springframework.context.support.DefaultLifecycleProcessor.access$200(DefaultLifecycleProcessor.java:54) ~[spring-context-5.3.18.jar!/:5.3.18]
	at org.springframework.context.support.DefaultLifecycleProcessor$LifecycleGroup.start(DefaultLifecycleProcessor.java:356) ~[spring-context-5.3.18.jar!/:5.3.18]
	at java.base/java.lang.Iterable.forEach(Iterable.java:75) ~[na:na]
	at org.springframework.context.support.DefaultLifecycleProcessor.startBeans(DefaultLifecycleProcessor.java:155) ~[spring-context-5.3.18.jar!/:5.3.18]
	at org.springframework.context.support.DefaultLifecycleProcessor.onRefresh(DefaultLifecycleProcessor.java:123) ~[spring-context-5.3.18.jar!/:5.3.18]
	at org.springframework.context.support.AbstractApplicationContext.finishRefresh(AbstractApplicationContext.java:935) ~[spring-context-5.3.18.jar!/:5.3.18]
	at org.springframework.context.support.AbstractApplicationContext.refresh(AbstractApplicationContext.java:586) ~[spring-context-5.3.18.jar!/:5.3.18]
	at org.springframework.boot.web.servlet.context.ServletWebServerApplicationContext.refresh(ServletWebServerApplicationContext.java:145) ~[spring-boot-2.6.6.jar!/:2.6.6]
	at org.springframework.boot.SpringApplication.refresh(SpringApplication.java:740) ~[spring-boot-2.6.6.jar!/:2.6.6]
	at org.springframework.boot.SpringApplication.refreshContext(SpringApplication.java:415) ~[spring-boot-2.6.6.jar!/:2.6.6]
	at org.springframework.boot.SpringApplication.run(SpringApplication.java:303) ~[spring-boot-2.6.6.jar!/:2.6.6]
	at org.springframework.boot.builder.SpringApplicationBuilder.run(SpringApplicationBuilder.java:164) ~[spring-boot-2.6.6.jar!/:2.6.6]
	at lavalink.server.Launcher.launchMain(Launcher.kt:165) ~[classes!/:na]
	at lavalink.server.Launcher.main(Launcher.kt:127) ~[classes!/:na]
	at java.base/jdk.internal.reflect.NativeMethodAccessorImpl.invoke0(Native Method) ~[na:na]
	at java.base/jdk.internal.reflect.NativeMethodAccessorImpl.invoke(NativeMethodAccessorImpl.java:78) ~[na:na]
	at java.base/jdk.internal.reflect.DelegatingMethodAccessorImpl.invoke(DelegatingMethodAccessorImpl.java:43) ~[na:na]
	at java.base/java.lang.reflect.Method.invoke(Method.java:567) ~[na:na]
	at org.springframework.boot.loader.MainMethodRunner.run(MainMethodRunner.java:49) ~[Lavalink.jar:na]
	at org.springframework.boot.loader.Launcher.launch(Launcher.java:108) ~[Lavalink.jar:na]
	at org.springframework.boot.loader.Launcher.launch(Launcher.java:58) ~[Lavalink.jar:na]
	at org.springframework.boot.loader.JarLauncher.main(JarLauncher.java:88) ~[Lavalink.jar:na]
Caused by: org.springframework.boot.web.server.PortInUseException: Port 8080 is already in use
	at org.springframework.boot.web.embedded.undertow.UndertowWebServer.lambda$start$0(UndertowWebServer.java:127) ~[spring-boot-2.6.6.jar!/:2.6.6]
	at org.springframework.boot.web.server.PortInUseException.lambda$ifPortBindingException$1(PortInUseException.java:85) ~[spring-boot-2.6.6.jar!/:2.6.6]
	at org.springframework.boot.web.server.PortInUseException.ifCausedBy(PortInUseException.java:103) ~[spring-boot-2.6.6.jar!/:2.6.6]
	at org.springframework.boot.web.server.PortInUseException.ifPortBindingException(PortInUseException.java:82) ~[spring-boot-2.6.6.jar!/:2.6.6]
	at org.springframework.boot.web.embedded.undertow.UndertowWebServer.start(UndertowWebServer.java:123) ~[spring-boot-2.6.6.jar!/:2.6.6]
	at org.springframework.boot.web.servlet.context.WebServerStartStopLifecycle.start(WebServerStartStopLifecycle.java:43) ~[spring-boot-2.6.6.jar!/:2.6.6]
	at org.springframework.context.support.DefaultLifecycleProcessor.doStart(DefaultLifecycleProcessor.java:178) ~[spring-context-5.3.18.jar!/:5.3.18]
	... 22 common frames omitted

2025-01-07 21:54:28.410 ERROR 27095 --- [main] o.s.b.d.LoggingFailureAnalysisReporter   : 

***************************
APPLICATION FAILED TO START
***************************

Description:

Web server failed to start. Port 8080 was already in use.

Action:

Identify and stop the process that's listening on port 8080 or configure this application to listen on another port.

2025-01-07 21:54:37.266  WARN 27327 --- [main] io.undertow.websockets.jsr               : UT026010: Buffer pool was not set on WebSocketDeploymentInfo, the default pool will be used
2025-01-07 21:54:38.415  WARN 27327 --- [main] l.server.config.SentryConfiguration      : Turning off sentry
2025-01-07 21:54:39.073  WARN 27327 --- [main] ConfigServletWebServerApplicationContext : Exception encountered during context initialization - cancelling refresh attempt: org.springframework.context.ApplicationContextException: Failed to start bean 'webServerStartStop'; nested exception is org.springframework.boot.web.server.PortInUseException: Port 8080 is already in use
2025-01-07 21:54:39.087 ERROR 27327 --- [main] lavalink.server.Launcher                 : Application failed

org.springframework.context.ApplicationContextException: Failed to start bean 'webServerStartStop'; nested exception is org.springframework.boot.web.server.PortInUseException: Port 8080 is already in use
	at org.springframework.context.support.DefaultLifecycleProcessor.doStart(DefaultLifecycleProcessor.java:181) ~[spring-context-5.3.18.jar!/:5.3.18]
	at org.springframework.context.support.DefaultLifecycleProcessor.access$200(DefaultLifecycleProcessor.java:54) ~[spring-context-5.3.18.jar!/:5.3.18]
	at org.springframework.context.support.DefaultLifecycleProcessor$LifecycleGroup.start(DefaultLifecycleProcessor.java:356) ~[spring-context-5.3.18.jar!/:5.3.18]
	at java.base/java.lang.Iterable.forEach(Iterable.java:75) ~[na:na]
	at org.springframework.context.support.DefaultLifecycleProcessor.startBeans(DefaultLifecycleProcessor.java:155) ~[spring-context-5.3.18.jar!/:5.3.18]
	at org.springframework.context.support.DefaultLifecycleProcessor.onRefresh(DefaultLifecycleProcessor.java:123) ~[spring-context-5.3.18.jar!/:5.3.18]
	at org.springframework.context.support.AbstractApplicationContext.finishRefresh(AbstractApplicationContext.java:935) ~[spring-context-5.3.18.jar!/:5.3.18]
	at org.springframework.context.support.AbstractApplicationContext.refresh(AbstractApplicationContext.java:586) ~[spring-context-5.3.18.jar!/:5.3.18]
	at org.springframework.boot.web.servlet.context.ServletWebServerApplicationContext.refresh(ServletWebServerApplicationContext.java:145) ~[spring-boot-2.6.6.jar!/:2.6.6]
	at org.springframework.boot.SpringApplication.refresh(SpringApplication.java:740) ~[spring-boot-2.6.6.jar!/:2.6.6]
	at org.springframework.boot.SpringApplication.refreshContext(SpringApplication.java:415) ~[spring-boot-2.6.6.jar!/:2.6.6]
	at org.springframework.boot.SpringApplication.run(SpringApplication.java:303) ~[spring-boot-2.6.6.jar!/:2.6.6]
	at org.springframework.boot.builder.SpringApplicationBuilder.run(SpringApplicationBuilder.java:164) ~[spring-boot-2.6.6.jar!/:2.6.6]
	at lavalink.server.Launcher.launchMain(Launcher.kt:165) ~[classes!/:na]
	at lavalink.server.Launcher.main(Launcher.kt:127) ~[classes!/:na]
	at java.base/jdk.internal.reflect.NativeMethodAccessorImpl.invoke0(Native Method) ~[na:na]
	at java.base/jdk.internal.reflect.NativeMethodAccessorImpl.invoke(NativeMethodAccessorImpl.java:78) ~[na:na]
	at java.base/jdk.internal.reflect.DelegatingMethodAccessorImpl.invoke(DelegatingMethodAccessorImpl.java:43) ~[na:na]
	at java.base/java.lang.reflect.Method.invoke(Method.java:567) ~[na:na]
	at org.springframework.boot.loader.MainMethodRunner.run(MainMethodRunner.java:49) ~[Lavalink.jar:na]
	at org.springframework.boot.loader.Launcher.launch(Launcher.java:108) ~[Lavalink.jar:na]
	at org.springframework.boot.loader.Launcher.launch(Launcher.java:58) ~[Lavalink.jar:na]
	at org.springframework.boot.loader.JarLauncher.main(JarLauncher.java:88) ~[Lavalink.jar:na]
Caused by: org.springframework.boot.web.server.PortInUseException: Port 8080 is already in use
	at org.springframework.boot.web.embedded.undertow.UndertowWebServer.lambda$start$0(UndertowWebServer.java:127) ~[spring-boot-2.6.6.jar!/:2.6.6]
	at org.springframework.boot.web.server.PortInUseException.lambda$ifPortBindingException$1(PortInUseException.java:85) ~[spring-boot-2.6.6.jar!/:2.6.6]
	at org.springframework.boot.web.server.PortInUseException.ifCausedBy(PortInUseException.java:103) ~[spring-boot-2.6.6.jar!/:2.6.6]
	at org.springframework.boot.web.server.PortInUseException.ifPortBindingException(PortInUseException.java:82) ~[spring-boot-2.6.6.jar!/:2.6.6]
	at org.springframework.boot.web.embedded.undertow.UndertowWebServer.start(UndertowWebServer.java:123) ~[spring-boot-2.6.6.jar!/:2.6.6]
	at org.springframework.boot.web.servlet.context.WebServerStartStopLifecycle.start(WebServerStartStopLifecycle.java:43) ~[spring-boot-2.6.6.jar!/:2.6.6]
	at org.springframework.context.support.DefaultLifecycleProcessor.doStart(DefaultLifecycleProcessor.java:178) ~[spring-context-5.3.18.jar!/:5.3.18]
	... 22 common frames omitted

2025-01-07 21:54:39.114 ERROR 27327 --- [main] o.s.b.d.LoggingFailureAnalysisReporter   : 

***************************
APPLICATION FAILED TO START
***************************

Description:

Web server failed to start. Port 8080 was already in use.

Action:

Identify and stop the process that's listening on port 8080 or configure this application to listen on another port.

2025-01-07 21:54:47.978  WARN 27552 --- [main] io.undertow.websockets.jsr               : UT026010: Buffer pool was not set on WebSocketDeploymentInfo, the default pool will be used
2025-01-07 21:54:49.208  WARN 27552 --- [main] l.server.config.SentryConfiguration      : Turning off sentry
2025-01-07 21:54:49.721  WARN 27552 --- [main] ConfigServletWebServerApplicationContext : Exception encountered during context initialization - cancelling refresh attempt: org.springframework.context.ApplicationContextException: Failed to start bean 'webServerStartStop'; nested exception is org.springframework.boot.web.server.PortInUseException: Port 8080 is already in use
2025-01-07 21:54:49.733 ERROR 27552 --- [main] lavalink.server.Launcher                 : Application failed

org.springframework.context.ApplicationContextException: Failed to start bean 'webServerStartStop'; nested exception is org.springframework.boot.web.server.PortInUseException: Port 8080 is already in use
	at org.springframework.context.support.DefaultLifecycleProcessor.doStart(DefaultLifecycleProcessor.java:181) ~[spring-context-5.3.18.jar!/:5.3.18]
	at org.springframework.context.support.DefaultLifecycleProcessor.access$200(DefaultLifecycleProcessor.java:54) ~[spring-context-5.3.18.jar!/:5.3.18]
	at org.springframework.context.support.DefaultLifecycleProcessor$LifecycleGroup.start(DefaultLifecycleProcessor.java:356) ~[spring-context-5.3.18.jar!/:5.3.18]
	at java.base/java.lang.Iterable.forEach(Iterable.java:75) ~[na:na]
	at org.springframework.context.support.DefaultLifecycleProcessor.startBeans(DefaultLifecycleProcessor.java:155) ~[spring-context-5.3.18.jar!/:5.3.18]
	at org.springframework.context.support.DefaultLifecycleProcessor.onRefresh(DefaultLifecycleProcessor.java:123) ~[spring-context-5.3.18.jar!/:5.3.18]
	at org.springframework.context.support.AbstractApplicationContext.finishRefresh(AbstractApplicationContext.java:935) ~[spring-context-5.3.18.jar!/:5.3.18]
	at org.springframework.context.support.AbstractApplicationContext.refresh(AbstractApplicationContext.java:586) ~[spring-context-5.3.18.jar!/:5.3.18]
	at org.springframework.boot.web.servlet.context.ServletWebServerApplicationContext.refresh(ServletWebServerApplicationContext.java:145) ~[spring-boot-2.6.6.jar!/:2.6.6]
	at org.springframework.boot.SpringApplication.refresh(SpringApplication.java:740) ~[spring-boot-2.6.6.jar!/:2.6.6]
	at org.springframework.boot.SpringApplication.refreshContext(SpringApplication.java:415) ~[spring-boot-2.6.6.jar!/:2.6.6]
	at org.springframework.boot.SpringApplication.run(SpringApplication.java:303) ~[spring-boot-2.6.6.jar!/:2.6.6]
	at org.springframework.boot.builder.SpringApplicationBuilder.run(SpringApplicationBuilder.java:164) ~[spring-boot-2.6.6.jar!/:2.6.6]
	at lavalink.server.Launcher.launchMain(Launcher.kt:165) ~[classes!/:na]
	at lavalink.server.Launcher.main(Launcher.kt:127) ~[classes!/:na]
	at java.base/jdk.internal.reflect.NativeMethodAccessorImpl.invoke0(Native Method) ~[na:na]
	at java.base/jdk.internal.reflect.NativeMethodAccessorImpl.invoke(NativeMethodAccessorImpl.java:78) ~[na:na]
	at java.base/jdk.internal.reflect.DelegatingMethodAccessorImpl.invoke(DelegatingMethodAccessorImpl.java:43) ~[na:na]
	at java.base/java.lang.reflect.Method.invoke(Method.java:567) ~[na:na]
	at org.springframework.boot.loader.MainMethodRunner.run(MainMethodRunner.java:49) ~[Lavalink.jar:na]
	at org.springframework.boot.loader.Launcher.launch(Launcher.java:108) ~[Lavalink.jar:na]
	at org.springframework.boot.loader.Launcher.launch(Launcher.java:58) ~[Lavalink.jar:na]
	at org.springframework.boot.loader.JarLauncher.main(JarLauncher.java:88) ~[Lavalink.jar:na]
Caused by: org.springframework.boot.web.server.PortInUseException: Port 8080 is already in use
	at org.springframework.boot.web.embedded.undertow.UndertowWebServer.lambda$start$0(UndertowWebServer.java:127) ~[spring-boot-2.6.6.jar!/:2.6.6]
	at org.springframework.boot.web.server.PortInUseException.lambda$ifPortBindingException$1(PortInUseException.java:85) ~[spring-boot-2.6.6.jar!/:2.6.6]
	at org.springframework.boot.web.server.PortInUseException.ifCausedBy(PortInUseException.java:103) ~[spring-boot-2.6.6.jar!/:2.6.6]
	at org.springframework.boot.web.server.PortInUseException.ifPortBindingException(PortInUseException.java:82) ~[spring-boot-2.6.6.jar!/:2.6.6]
	at org.springframework.boot.web.embedded.undertow.UndertowWebServer.start(UndertowWebServer.java:123) ~[spring-boot-2.6.6.jar!/:2.6.6]
	at org.springframework.boot.web.servlet.context.WebServerStartStopLifecycle.start(WebServerStartStopLifecycle.java:43) ~[spring-boot-2.6.6.jar!/:2.6.6]
	at org.springframework.context.support.DefaultLifecycleProcessor.doStart(DefaultLifecycleProcessor.java:178) ~[spring-context-5.3.18.jar!/:5.3.18]
	... 22 common frames omitted

2025-01-07 21:54:49.762 ERROR 27552 --- [main] o.s.b.d.LoggingFailureAnalysisReporter   : 

***************************
APPLICATION FAILED TO START
***************************

Description:

Web server failed to start. Port 8080 was already in use.

Action:

Identify and stop the process that's listening on port 8080 or configure this application to listen on another port.

2025-01-07 21:54:58.557  WARN 27778 --- [main] io.undertow.websockets.jsr               : UT026010: Buffer pool was not set on WebSocketDeploymentInfo, the default pool will be used
2025-01-07 21:54:59.721  WARN 27778 --- [main] l.server.config.SentryConfiguration      : Turning off sentry
2025-01-07 21:55:00.322  WARN 27778 --- [main] ConfigServletWebServerApplicationContext : Exception encountered during context initialization - cancelling refresh attempt: org.springframework.context.ApplicationContextException: Failed to start bean 'webServerStartStop'; nested exception is org.springframework.boot.web.server.PortInUseException: Port 8080 is already in use
2025-01-07 21:55:00.344 ERROR 27778 --- [main] lavalink.server.Launcher                 : Application failed

org.springframework.context.ApplicationContextException: Failed to start bean 'webServerStartStop'; nested exception is org.springframework.boot.web.server.PortInUseException: Port 8080 is already in use
	at org.springframework.context.support.DefaultLifecycleProcessor.doStart(DefaultLifecycleProcessor.java:181) ~[spring-context-5.3.18.jar!/:5.3.18]
	at org.springframework.context.support.DefaultLifecycleProcessor.access$200(DefaultLifecycleProcessor.java:54) ~[spring-context-5.3.18.jar!/:5.3.18]
	at org.springframework.context.support.DefaultLifecycleProcessor$LifecycleGroup.start(DefaultLifecycleProcessor.java:356) ~[spring-context-5.3.18.jar!/:5.3.18]
	at java.base/java.lang.Iterable.forEach(Iterable.java:75) ~[na:na]
	at org.springframework.context.support.DefaultLifecycleProcessor.startBeans(DefaultLifecycleProcessor.java:155) ~[spring-context-5.3.18.jar!/:5.3.18]
	at org.springframework.context.support.DefaultLifecycleProcessor.onRefresh(DefaultLifecycleProcessor.java:123) ~[spring-context-5.3.18.jar!/:5.3.18]
	at org.springframework.context.support.AbstractApplicationContext.finishRefresh(AbstractApplicationContext.java:935) ~[spring-context-5.3.18.jar!/:5.3.18]
	at org.springframework.context.support.AbstractApplicationContext.refresh(AbstractApplicationContext.java:586) ~[spring-context-5.3.18.jar!/:5.3.18]
	at org.springframework.boot.web.servlet.context.ServletWebServerApplicationContext.refresh(ServletWebServerApplicationContext.java:145) ~[spring-boot-2.6.6.jar!/:2.6.6]
	at org.springframework.boot.SpringApplication.refresh(SpringApplication.java:740) ~[spring-boot-2.6.6.jar!/:2.6.6]
	at org.springframework.boot.SpringApplication.refreshContext(SpringApplication.java:415) ~[spring-boot-2.6.6.jar!/:2.6.6]
	at org.springframework.boot.SpringApplication.run(SpringApplication.java:303) ~[spring-boot-2.6.6.jar!/:2.6.6]
	at org.springframework.boot.builder.SpringApplicationBuilder.run(SpringApplicationBuilder.java:164) ~[spring-boot-2.6.6.jar!/:2.6.6]
	at lavalink.server.Launcher.launchMain(Launcher.kt:165) ~[classes!/:na]
	at lavalink.server.Launcher.main(Launcher.kt:127) ~[classes!/:na]
	at java.base/jdk.internal.reflect.NativeMethodAccessorImpl.invoke0(Native Method) ~[na:na]
	at java.base/jdk.internal.reflect.NativeMethodAccessorImpl.invoke(NativeMethodAccessorImpl.java:78) ~[na:na]
	at java.base/jdk.internal.reflect.DelegatingMethodAccessorImpl.invoke(DelegatingMethodAccessorImpl.java:43) ~[na:na]
	at java.base/java.lang.reflect.Method.invoke(Method.java:567) ~[na:na]
	at org.springframework.boot.loader.MainMethodRunner.run(MainMethodRunner.java:49) ~[Lavalink.jar:na]
	at org.springframework.boot.loader.Launcher.launch(Launcher.java:108) ~[Lavalink.jar:na]
	at org.springframework.boot.loader.Launcher.launch(Launcher.java:58) ~[Lavalink.jar:na]
	at org.springframework.boot.loader.JarLauncher.main(JarLauncher.java:88) ~[Lavalink.jar:na]
Caused by: org.springframework.boot.web.server.PortInUseException: Port 8080 is already in use
	at org.springframework.boot.web.embedded.undertow.UndertowWebServer.lambda$start$0(UndertowWebServer.java:127) ~[spring-boot-2.6.6.jar!/:2.6.6]
	at org.springframework.boot.web.server.PortInUseException.lambda$ifPortBindingException$1(PortInUseException.java:85) ~[spring-boot-2.6.6.jar!/:2.6.6]
	at org.springframework.boot.web.server.PortInUseException.ifCausedBy(PortInUseException.java:103) ~[spring-boot-2.6.6.jar!/:2.6.6]
	at org.springframework.boot.web.server.PortInUseException.ifPortBindingException(PortInUseException.java:82) ~[spring-boot-2.6.6.jar!/:2.6.6]
	at org.springframework.boot.web.embedded.undertow.UndertowWebServer.start(UndertowWebServer.java:123) ~[spring-boot-2.6.6.jar!/:2.6.6]
	at org.springframework.boot.web.servlet.context.WebServerStartStopLifecycle.start(WebServerStartStopLifecycle.java:43) ~[spring-boot-2.6.6.jar!/:2.6.6]
	at org.springframework.context.support.DefaultLifecycleProcessor.doStart(DefaultLifecycleProcessor.java:178) ~[spring-context-5.3.18.jar!/:5.3.18]
	... 22 common frames omitted

2025-01-07 21:55:00.385 ERROR 27778 --- [main] o.s.b.d.LoggingFailureAnalysisReporter   : 

***************************
APPLICATION FAILED TO START
***************************

Description:

Web server failed to start. Port 8080 was already in use.

Action:

Identify and stop the process that's listening on port 8080 or configure this application to listen on another port.

2025-01-07 21:55:09.202  WARN 28005 --- [main] io.undertow.websockets.jsr               : UT026010: Buffer pool was not set on WebSocketDeploymentInfo, the default pool will be used
2025-01-07 21:55:10.406  WARN 28005 --- [main] l.server.config.SentryConfiguration      : Turning off sentry
2025-01-07 21:55:10.875  WARN 28005 --- [main] ConfigServletWebServerApplicationContext : Exception encountered during context initialization - cancelling refresh attempt: org.springframework.context.ApplicationContextException: Failed to start bean 'webServerStartStop'; nested exception is org.springframework.boot.web.server.PortInUseException: Port 8080 is already in use
2025-01-07 21:55:10.889 ERROR 28005 --- [main] lavalink.server.Launcher                 : Application failed

org.springframework.context.ApplicationContextException: Failed to start bean 'webServerStartStop'; nested exception is org.springframework.boot.web.server.PortInUseException: Port 8080 is already in use
	at org.springframework.context.support.DefaultLifecycleProcessor.doStart(DefaultLifecycleProcessor.java:181) ~[spring-context-5.3.18.jar!/:5.3.18]
	at org.springframework.context.support.DefaultLifecycleProcessor.access$200(DefaultLifecycleProcessor.java:54) ~[spring-context-5.3.18.jar!/:5.3.18]
	at org.springframework.context.support.DefaultLifecycleProcessor$LifecycleGroup.start(DefaultLifecycleProcessor.java:356) ~[spring-context-5.3.18.jar!/:5.3.18]
	at java.base/java.lang.Iterable.forEach(Iterable.java:75) ~[na:na]
	at org.springframework.context.support.DefaultLifecycleProcessor.startBeans(DefaultLifecycleProcessor.java:155) ~[spring-context-5.3.18.jar!/:5.3.18]
	at org.springframework.context.support.DefaultLifecycleProcessor.onRefresh(DefaultLifecycleProcessor.java:123) ~[spring-context-5.3.18.jar!/:5.3.18]
	at org.springframework.context.support.AbstractApplicationContext.finishRefresh(AbstractApplicationContext.java:935) ~[spring-context-5.3.18.jar!/:5.3.18]
	at org.springframework.context.support.AbstractApplicationContext.refresh(AbstractApplicationContext.java:586) ~[spring-context-5.3.18.jar!/:5.3.18]
	at org.springframework.boot.web.servlet.context.ServletWebServerApplicationContext.refresh(ServletWebServerApplicationContext.java:145) ~[spring-boot-2.6.6.jar!/:2.6.6]
	at org.springframework.boot.SpringApplication.refresh(SpringApplication.java:740) ~[spring-boot-2.6.6.jar!/:2.6.6]
	at org.springframework.boot.SpringApplication.refreshContext(SpringApplication.java:415) ~[spring-boot-2.6.6.jar!/:2.6.6]
	at org.springframework.boot.SpringApplication.run(SpringApplication.java:303) ~[spring-boot-2.6.6.jar!/:2.6.6]
	at org.springframework.boot.builder.SpringApplicationBuilder.run(SpringApplicationBuilder.java:164) ~[spring-boot-2.6.6.jar!/:2.6.6]
	at lavalink.server.Launcher.launchMain(Launcher.kt:165) ~[classes!/:na]
	at lavalink.server.Launcher.main(Launcher.kt:127) ~[classes!/:na]
	at java.base/jdk.internal.reflect.NativeMethodAccessorImpl.invoke0(Native Method) ~[na:na]
	at java.base/jdk.internal.reflect.NativeMethodAccessorImpl.invoke(NativeMethodAccessorImpl.java:78) ~[na:na]
	at java.base/jdk.internal.reflect.DelegatingMethodAccessorImpl.invoke(DelegatingMethodAccessorImpl.java:43) ~[na:na]
	at java.base/java.lang.reflect.Method.invoke(Method.java:567) ~[na:na]
	at org.springframework.boot.loader.MainMethodRunner.run(MainMethodRunner.java:49) ~[Lavalink.jar:na]
	at org.springframework.boot.loader.Launcher.launch(Launcher.java:108) ~[Lavalink.jar:na]
	at org.springframework.boot.loader.Launcher.launch(Launcher.java:58) ~[Lavalink.jar:na]
	at org.springframework.boot.loader.JarLauncher.main(JarLauncher.java:88) ~[Lavalink.jar:na]
Caused by: org.springframework.boot.web.server.PortInUseException: Port 8080 is already in use
	at org.springframework.boot.web.embedded.undertow.UndertowWebServer.lambda$start$0(UndertowWebServer.java:127) ~[spring-boot-2.6.6.jar!/:2.6.6]
	at org.springframework.boot.web.server.PortInUseException.lambda$ifPortBindingException$1(PortInUseException.java:85) ~[spring-boot-2.6.6.jar!/:2.6.6]
	at org.springframework.boot.web.server.PortInUseException.ifCausedBy(PortInUseException.java:103) ~[spring-boot-2.6.6.jar!/:2.6.6]
	at org.springframework.boot.web.server.PortInUseException.ifPortBindingException(PortInUseException.java:82) ~[spring-boot-2.6.6.jar!/:2.6.6]
	at org.springframework.boot.web.embedded.undertow.UndertowWebServer.start(UndertowWebServer.java:123) ~[spring-boot-2.6.6.jar!/:2.6.6]
	at org.springframework.boot.web.servlet.context.WebServerStartStopLifecycle.start(WebServerStartStopLifecycle.java:43) ~[spring-boot-2.6.6.jar!/:2.6.6]
	at org.springframework.context.support.DefaultLifecycleProcessor.doStart(DefaultLifecycleProcessor.java:178) ~[spring-context-5.3.18.jar!/:5.3.18]
	... 22 common frames omitted

2025-01-07 21:55:10.919 ERROR 28005 --- [main] o.s.b.d.LoggingFailureAnalysisReporter   : 

***************************
APPLICATION FAILED TO START
***************************

Description:

Web server failed to start. Port 8080 was already in use.

Action:

Identify and stop the process that's listening on port 8080 or configure this application to listen on another port.

2025-01-07 21:55:19.727  WARN 28231 --- [main] io.undertow.websockets.jsr               : UT026010: Buffer pool was not set on WebSocketDeploymentInfo, the default pool will be used
2025-01-07 21:55:21.019  WARN 28231 --- [main] l.server.config.SentryConfiguration      : Turning off sentry
2025-01-07 21:55:21.636  WARN 28231 --- [main] ConfigServletWebServerApplicationContext : Exception encountered during context initialization - cancelling refresh attempt: org.springframework.context.ApplicationContextException: Failed to start bean 'webServerStartStop'; nested exception is org.springframework.boot.web.server.PortInUseException: Port 8080 is already in use
2025-01-07 21:55:21.654 ERROR 28231 --- [main] lavalink.server.Launcher                 : Application failed

org.springframework.context.ApplicationContextException: Failed to start bean 'webServerStartStop'; nested exception is org.springframework.boot.web.server.PortInUseException: Port 8080 is already in use
	at org.springframework.context.support.DefaultLifecycleProcessor.doStart(DefaultLifecycleProcessor.java:181) ~[spring-context-5.3.18.jar!/:5.3.18]
	at org.springframework.context.support.DefaultLifecycleProcessor.access$200(DefaultLifecycleProcessor.java:54) ~[spring-context-5.3.18.jar!/:5.3.18]
	at org.springframework.context.support.DefaultLifecycleProcessor$LifecycleGroup.start(DefaultLifecycleProcessor.java:356) ~[spring-context-5.3.18.jar!/:5.3.18]
	at java.base/java.lang.Iterable.forEach(Iterable.java:75) ~[na:na]
	at org.springframework.context.support.DefaultLifecycleProcessor.startBeans(DefaultLifecycleProcessor.java:155) ~[spring-context-5.3.18.jar!/:5.3.18]
	at org.springframework.context.support.DefaultLifecycleProcessor.onRefresh(DefaultLifecycleProcessor.java:123) ~[spring-context-5.3.18.jar!/:5.3.18]
	at org.springframework.context.support.AbstractApplicationContext.finishRefresh(AbstractApplicationContext.java:935) ~[spring-context-5.3.18.jar!/:5.3.18]
	at org.springframework.context.support.AbstractApplicationContext.refresh(AbstractApplicationContext.java:586) ~[spring-context-5.3.18.jar!/:5.3.18]
	at org.springframework.boot.web.servlet.context.ServletWebServerApplicationContext.refresh(ServletWebServerApplicationContext.java:145) ~[spring-boot-2.6.6.jar!/:2.6.6]
	at org.springframework.boot.SpringApplication.refresh(SpringApplication.java:740) ~[spring-boot-2.6.6.jar!/:2.6.6]
	at org.springframework.boot.SpringApplication.refreshContext(SpringApplication.java:415) ~[spring-boot-2.6.6.jar!/:2.6.6]
	at org.springframework.boot.SpringApplication.run(SpringApplication.java:303) ~[spring-boot-2.6.6.jar!/:2.6.6]
	at org.springframework.boot.builder.SpringApplicationBuilder.run(SpringApplicationBuilder.java:164) ~[spring-boot-2.6.6.jar!/:2.6.6]
	at lavalink.server.Launcher.launchMain(Launcher.kt:165) ~[classes!/:na]
	at lavalink.server.Launcher.main(Launcher.kt:127) ~[classes!/:na]
	at java.base/jdk.internal.reflect.NativeMethodAccessorImpl.invoke0(Native Method) ~[na:na]
	at java.base/jdk.internal.reflect.NativeMethodAccessorImpl.invoke(NativeMethodAccessorImpl.java:78) ~[na:na]
	at java.base/jdk.internal.reflect.DelegatingMethodAccessorImpl.invoke(DelegatingMethodAccessorImpl.java:43) ~[na:na]
	at java.base/java.lang.reflect.Method.invoke(Method.java:567) ~[na:na]
	at org.springframework.boot.loader.MainMethodRunner.run(MainMethodRunner.java:49) ~[Lavalink.jar:na]
	at org.springframework.boot.loader.Launcher.launch(Launcher.java:108) ~[Lavalink.jar:na]
	at org.springframework.boot.loader.Launcher.launch(Launcher.java:58) ~[Lavalink.jar:na]
	at org.springframework.boot.loader.JarLauncher.main(JarLauncher.java:88) ~[Lavalink.jar:na]
Caused by: org.springframework.boot.web.server.PortInUseException: Port 8080 is already in use
	at org.springframework.boot.web.embedded.undertow.UndertowWebServer.lambda$start$0(UndertowWebServer.java:127) ~[spring-boot-2.6.6.jar!/:2.6.6]
	at org.springframework.boot.web.server.PortInUseException.lambda$ifPortBindingException$1(PortInUseException.java:85) ~[spring-boot-2.6.6.jar!/:2.6.6]
	at org.springframework.boot.web.server.PortInUseException.ifCausedBy(PortInUseException.java:103) ~[spring-boot-2.6.6.jar!/:2.6.6]
	at org.springframework.boot.web.server.PortInUseException.ifPortBindingException(PortInUseException.java:82) ~[spring-boot-2.6.6.jar!/:2.6.6]
	at org.springframework.boot.web.embedded.undertow.UndertowWebServer.start(UndertowWebServer.java:123) ~[spring-boot-2.6.6.jar!/:2.6.6]
	at org.springframework.boot.web.servlet.context.WebServerStartStopLifecycle.start(WebServerStartStopLifecycle.java:43) ~[spring-boot-2.6.6.jar!/:2.6.6]
	at org.springframework.context.support.DefaultLifecycleProcessor.doStart(DefaultLifecycleProcessor.java:178) ~[spring-context-5.3.18.jar!/:5.3.18]
	... 22 common frames omitted

2025-01-07 21:55:21.702 ERROR 28231 --- [main] o.s.b.d.LoggingFailureAnalysisReporter   : 

***************************
APPLICATION FAILED TO START
***************************

Description:

Web server failed to start. Port 8080 was already in use.

Action:

Identify and stop the process that's listening on port 8080 or configure this application to listen on another port.

2025-01-07 21:55:30.507  WARN 28469 --- [main] io.undertow.websockets.jsr               : UT026010: Buffer pool was not set on WebSocketDeploymentInfo, the default pool will be used
2025-01-07 21:55:31.858  WARN 28469 --- [main] l.server.config.SentryConfiguration      : Turning off sentry
2025-01-07 21:55:32.396  WARN 28469 --- [main] ConfigServletWebServerApplicationContext : Exception encountered during context initialization - cancelling refresh attempt: org.springframework.context.ApplicationContextException: Failed to start bean 'webServerStartStop'; nested exception is org.springframework.boot.web.server.PortInUseException: Port 8080 is already in use
2025-01-07 21:55:32.411 ERROR 28469 --- [main] lavalink.server.Launcher                 : Application failed

org.springframework.context.ApplicationContextException: Failed to start bean 'webServerStartStop'; nested exception is org.springframework.boot.web.server.PortInUseException: Port 8080 is already in use
	at org.springframework.context.support.DefaultLifecycleProcessor.doStart(DefaultLifecycleProcessor.java:181) ~[spring-context-5.3.18.jar!/:5.3.18]
	at org.springframework.context.support.DefaultLifecycleProcessor.access$200(DefaultLifecycleProcessor.java:54) ~[spring-context-5.3.18.jar!/:5.3.18]
	at org.springframework.context.support.DefaultLifecycleProcessor$LifecycleGroup.start(DefaultLifecycleProcessor.java:356) ~[spring-context-5.3.18.jar!/:5.3.18]
	at java.base/java.lang.Iterable.forEach(Iterable.java:75) ~[na:na]
	at org.springframework.context.support.DefaultLifecycleProcessor.startBeans(DefaultLifecycleProcessor.java:155) ~[spring-context-5.3.18.jar!/:5.3.18]
	at org.springframework.context.support.DefaultLifecycleProcessor.onRefresh(DefaultLifecycleProcessor.java:123) ~[spring-context-5.3.18.jar!/:5.3.18]
	at org.springframework.context.support.AbstractApplicationContext.finishRefresh(AbstractApplicationContext.java:935) ~[spring-context-5.3.18.jar!/:5.3.18]
	at org.springframework.context.support.AbstractApplicationContext.refresh(AbstractApplicationContext.java:586) ~[spring-context-5.3.18.jar!/:5.3.18]
	at org.springframework.boot.web.servlet.context.ServletWebServerApplicationContext.refresh(ServletWebServerApplicationContext.java:145) ~[spring-boot-2.6.6.jar!/:2.6.6]
	at org.springframework.boot.SpringApplication.refresh(SpringApplication.java:740) ~[spring-boot-2.6.6.jar!/:2.6.6]
	at org.springframework.boot.SpringApplication.refreshContext(SpringApplication.java:415) ~[spring-boot-2.6.6.jar!/:2.6.6]
	at org.springframework.boot.SpringApplication.run(SpringApplication.java:303) ~[spring-boot-2.6.6.jar!/:2.6.6]
	at org.springframework.boot.builder.SpringApplicationBuilder.run(SpringApplicationBuilder.java:164) ~[spring-boot-2.6.6.jar!/:2.6.6]
	at lavalink.server.Launcher.launchMain(Launcher.kt:165) ~[classes!/:na]
	at lavalink.server.Launcher.main(Launcher.kt:127) ~[classes!/:na]
	at java.base/jdk.internal.reflect.NativeMethodAccessorImpl.invoke0(Native Method) ~[na:na]
	at java.base/jdk.internal.reflect.NativeMethodAccessorImpl.invoke(NativeMethodAccessorImpl.java:78) ~[na:na]
	at java.base/jdk.internal.reflect.DelegatingMethodAccessorImpl.invoke(DelegatingMethodAccessorImpl.java:43) ~[na:na]
	at java.base/java.lang.reflect.Method.invoke(Method.java:567) ~[na:na]
	at org.springframework.boot.loader.MainMethodRunner.run(MainMethodRunner.java:49) ~[Lavalink.jar:na]
	at org.springframework.boot.loader.Launcher.launch(Launcher.java:108) ~[Lavalink.jar:na]
	at org.springframework.boot.loader.Launcher.launch(Launcher.java:58) ~[Lavalink.jar:na]
	at org.springframework.boot.loader.JarLauncher.main(JarLauncher.java:88) ~[Lavalink.jar:na]
Caused by: org.springframework.boot.web.server.PortInUseException: Port 8080 is already in use
	at org.springframework.boot.web.embedded.undertow.UndertowWebServer.lambda$start$0(UndertowWebServer.java:127) ~[spring-boot-2.6.6.jar!/:2.6.6]
	at org.springframework.boot.web.server.PortInUseException.lambda$ifPortBindingException$1(PortInUseException.java:85) ~[spring-boot-2.6.6.jar!/:2.6.6]
	at org.springframework.boot.web.server.PortInUseException.ifCausedBy(PortInUseException.java:103) ~[spring-boot-2.6.6.jar!/:2.6.6]
	at org.springframework.boot.web.server.PortInUseException.ifPortBindingException(PortInUseException.java:82) ~[spring-boot-2.6.6.jar!/:2.6.6]
	at org.springframework.boot.web.embedded.undertow.UndertowWebServer.start(UndertowWebServer.java:123) ~[spring-boot-2.6.6.jar!/:2.6.6]
	at org.springframework.boot.web.servlet.context.WebServerStartStopLifecycle.start(WebServerStartStopLifecycle.java:43) ~[spring-boot-2.6.6.jar!/:2.6.6]
	at org.springframework.context.support.DefaultLifecycleProcessor.doStart(DefaultLifecycleProcessor.java:178) ~[spring-context-5.3.18.jar!/:5.3.18]
	... 22 common frames omitted

2025-01-07 21:55:32.443 ERROR 28469 --- [main] o.s.b.d.LoggingFailureAnalysisReporter   : 

***************************
APPLICATION FAILED TO START
***************************

Description:

Web server failed to start. Port 8080 was already in use.

Action:

Identify and stop the process that's listening on port 8080 or configure this application to listen on another port.

2025-01-07 21:55:40.734  WARN 28707 --- [main] io.undertow.websockets.jsr               : UT026010: Buffer pool was not set on WebSocketDeploymentInfo, the default pool will be used
2025-01-07 21:55:42.114  WARN 28707 --- [main] l.server.config.SentryConfiguration      : Turning off sentry
2025-01-07 21:55:42.594  WARN 28707 --- [main] ConfigServletWebServerApplicationContext : Exception encountered during context initialization - cancelling refresh attempt: org.springframework.context.ApplicationContextException: Failed to start bean 'webServerStartStop'; nested exception is org.springframework.boot.web.server.PortInUseException: Port 8080 is already in use
2025-01-07 21:55:42.602 ERROR 28707 --- [main] lavalink.server.Launcher                 : Application failed

org.springframework.context.ApplicationContextException: Failed to start bean 'webServerStartStop'; nested exception is org.springframework.boot.web.server.PortInUseException: Port 8080 is already in use
	at org.springframework.context.support.DefaultLifecycleProcessor.doStart(DefaultLifecycleProcessor.java:181) ~[spring-context-5.3.18.jar!/:5.3.18]
	at org.springframework.context.support.DefaultLifecycleProcessor.access$200(DefaultLifecycleProcessor.java:54) ~[spring-context-5.3.18.jar!/:5.3.18]
	at org.springframework.context.support.DefaultLifecycleProcessor$LifecycleGroup.start(DefaultLifecycleProcessor.java:356) ~[spring-context-5.3.18.jar!/:5.3.18]
	at java.base/java.lang.Iterable.forEach(Iterable.java:75) ~[na:na]
	at org.springframework.context.support.DefaultLifecycleProcessor.startBeans(DefaultLifecycleProcessor.java:155) ~[spring-context-5.3.18.jar!/:5.3.18]
	at org.springframework.context.support.DefaultLifecycleProcessor.onRefresh(DefaultLifecycleProcessor.java:123) ~[spring-context-5.3.18.jar!/:5.3.18]
	at org.springframework.context.support.AbstractApplicationContext.finishRefresh(AbstractApplicationContext.java:935) ~[spring-context-5.3.18.jar!/:5.3.18]
	at org.springframework.context.support.AbstractApplicationContext.refresh(AbstractApplicationContext.java:586) ~[spring-context-5.3.18.jar!/:5.3.18]
	at org.springframework.boot.web.servlet.context.ServletWebServerApplicationContext.refresh(ServletWebServerApplicationContext.java:145) ~[spring-boot-2.6.6.jar!/:2.6.6]
	at org.springframework.boot.SpringApplication.refresh(SpringApplication.java:740) ~[spring-boot-2.6.6.jar!/:2.6.6]
	at org.springframework.boot.SpringApplication.refreshContext(SpringApplication.java:415) ~[spring-boot-2.6.6.jar!/:2.6.6]
	at org.springframework.boot.SpringApplication.run(SpringApplication.java:303) ~[spring-boot-2.6.6.jar!/:2.6.6]
	at org.springframework.boot.builder.SpringApplicationBuilder.run(SpringApplicationBuilder.java:164) ~[spring-boot-2.6.6.jar!/:2.6.6]
	at lavalink.server.Launcher.launchMain(Launcher.kt:165) ~[classes!/:na]
	at lavalink.server.Launcher.main(Launcher.kt:127) ~[classes!/:na]
	at java.base/jdk.internal.reflect.NativeMethodAccessorImpl.invoke0(Native Method) ~[na:na]
	at java.base/jdk.internal.reflect.NativeMethodAccessorImpl.invoke(NativeMethodAccessorImpl.java:78) ~[na:na]
	at java.base/jdk.internal.reflect.DelegatingMethodAccessorImpl.invoke(DelegatingMethodAccessorImpl.java:43) ~[na:na]
	at java.base/java.lang.reflect.Method.invoke(Method.java:567) ~[na:na]
	at org.springframework.boot.loader.MainMethodRunner.run(MainMethodRunner.java:49) ~[Lavalink.jar:na]
	at org.springframework.boot.loader.Launcher.launch(Launcher.java:108) ~[Lavalink.jar:na]
	at org.springframework.boot.loader.Launcher.launch(Launcher.java:58) ~[Lavalink.jar:na]
	at org.springframework.boot.loader.JarLauncher.main(JarLauncher.java:88) ~[Lavalink.jar:na]
Caused by: org.springframework.boot.web.server.PortInUseException: Port 8080 is already in use
	at org.springframework.boot.web.embedded.undertow.UndertowWebServer.lambda$start$0(UndertowWebServer.java:127) ~[spring-boot-2.6.6.jar!/:2.6.6]
	at org.springframework.boot.web.server.PortInUseException.lambda$ifPortBindingException$1(PortInUseException.java:85) ~[spring-boot-2.6.6.jar!/:2.6.6]
	at org.springframework.boot.web.server.PortInUseException.ifCausedBy(PortInUseException.java:103) ~[spring-boot-2.6.6.jar!/:2.6.6]
	at org.springframework.boot.web.server.PortInUseException.ifPortBindingException(PortInUseException.java:82) ~[spring-boot-2.6.6.jar!/:2.6.6]
	at org.springframework.boot.web.embedded.undertow.UndertowWebServer.start(UndertowWebServer.java:123) ~[spring-boot-2.6.6.jar!/:2.6.6]
	at org.springframework.boot.web.servlet.context.WebServerStartStopLifecycle.start(WebServerStartStopLifecycle.java:43) ~[spring-boot-2.6.6.jar!/:2.6.6]
	at org.springframework.context.support.DefaultLifecycleProcessor.doStart(DefaultLifecycleProcessor.java:178) ~[spring-context-5.3.18.jar!/:5.3.18]
	... 22 common frames omitted

2025-01-07 21:55:42.640 ERROR 28707 --- [main] o.s.b.d.LoggingFailureAnalysisReporter   : 

***************************
APPLICATION FAILED TO START
***************************

Description:

Web server failed to start. Port 8080 was already in use.

Action:

Identify and stop the process that's listening on port 8080 or configure this application to listen on another port.

2025-01-07 21:55:50.713  WARN 28932 --- [main] io.undertow.websockets.jsr               : UT026010: Buffer pool was not set on WebSocketDeploymentInfo, the default pool will be used
2025-01-07 21:55:52.192  WARN 28932 --- [main] l.server.config.SentryConfiguration      : Turning off sentry
2025-01-07 21:55:52.698  WARN 28932 --- [main] ConfigServletWebServerApplicationContext : Exception encountered during context initialization - cancelling refresh attempt: org.springframework.context.ApplicationContextException: Failed to start bean 'webServerStartStop'; nested exception is org.springframework.boot.web.server.PortInUseException: Port 8080 is already in use
2025-01-07 21:55:52.713 ERROR 28932 --- [main] lavalink.server.Launcher                 : Application failed

org.springframework.context.ApplicationContextException: Failed to start bean 'webServerStartStop'; nested exception is org.springframework.boot.web.server.PortInUseException: Port 8080 is already in use
	at org.springframework.context.support.DefaultLifecycleProcessor.doStart(DefaultLifecycleProcessor.java:181) ~[spring-context-5.3.18.jar!/:5.3.18]
	at org.springframework.context.support.DefaultLifecycleProcessor.access$200(DefaultLifecycleProcessor.java:54) ~[spring-context-5.3.18.jar!/:5.3.18]
	at org.springframework.context.support.DefaultLifecycleProcessor$LifecycleGroup.start(DefaultLifecycleProcessor.java:356) ~[spring-context-5.3.18.jar!/:5.3.18]
	at java.base/java.lang.Iterable.forEach(Iterable.java:75) ~[na:na]
	at org.springframework.context.support.DefaultLifecycleProcessor.startBeans(DefaultLifecycleProcessor.java:155) ~[spring-context-5.3.18.jar!/:5.3.18]
	at org.springframework.context.support.DefaultLifecycleProcessor.onRefresh(DefaultLifecycleProcessor.java:123) ~[spring-context-5.3.18.jar!/:5.3.18]
	at org.springframework.context.support.AbstractApplicationContext.finishRefresh(AbstractApplicationContext.java:935) ~[spring-context-5.3.18.jar!/:5.3.18]
	at org.springframework.context.support.AbstractApplicationContext.refresh(AbstractApplicationContext.java:586) ~[spring-context-5.3.18.jar!/:5.3.18]
	at org.springframework.boot.web.servlet.context.ServletWebServerApplicationContext.refresh(ServletWebServerApplicationContext.java:145) ~[spring-boot-2.6.6.jar!/:2.6.6]
	at org.springframework.boot.SpringApplication.refresh(SpringApplication.java:740) ~[spring-boot-2.6.6.jar!/:2.6.6]
	at org.springframework.boot.SpringApplication.refreshContext(SpringApplication.java:415) ~[spring-boot-2.6.6.jar!/:2.6.6]
	at org.springframework.boot.SpringApplication.run(SpringApplication.java:303) ~[spring-boot-2.6.6.jar!/:2.6.6]
	at org.springframework.boot.builder.SpringApplicationBuilder.run(SpringApplicationBuilder.java:164) ~[spring-boot-2.6.6.jar!/:2.6.6]
	at lavalink.server.Launcher.launchMain(Launcher.kt:165) ~[classes!/:na]
	at lavalink.server.Launcher.main(Launcher.kt:127) ~[classes!/:na]
	at java.base/jdk.internal.reflect.NativeMethodAccessorImpl.invoke0(Native Method) ~[na:na]
	at java.base/jdk.internal.reflect.NativeMethodAccessorImpl.invoke(NativeMethodAccessorImpl.java:78) ~[na:na]
	at java.base/jdk.internal.reflect.DelegatingMethodAccessorImpl.invoke(DelegatingMethodAccessorImpl.java:43) ~[na:na]
	at java.base/java.lang.reflect.Method.invoke(Method.java:567) ~[na:na]
	at org.springframework.boot.loader.MainMethodRunner.run(MainMethodRunner.java:49) ~[Lavalink.jar:na]
	at org.springframework.boot.loader.Launcher.launch(Launcher.java:108) ~[Lavalink.jar:na]
	at org.springframework.boot.loader.Launcher.launch(Launcher.java:58) ~[Lavalink.jar:na]
	at org.springframework.boot.loader.JarLauncher.main(JarLauncher.java:88) ~[Lavalink.jar:na]
Caused by: org.springframework.boot.web.server.PortInUseException: Port 8080 is already in use
	at org.springframework.boot.web.embedded.undertow.UndertowWebServer.lambda$start$0(UndertowWebServer.java:127) ~[spring-boot-2.6.6.jar!/:2.6.6]
	at org.springframework.boot.web.server.PortInUseException.lambda$ifPortBindingException$1(PortInUseException.java:85) ~[spring-boot-2.6.6.jar!/:2.6.6]
	at org.springframework.boot.web.server.PortInUseException.ifCausedBy(PortInUseException.java:103) ~[spring-boot-2.6.6.jar!/:2.6.6]
	at org.springframework.boot.web.server.PortInUseException.ifPortBindingException(PortInUseException.java:82) ~[spring-boot-2.6.6.jar!/:2.6.6]
	at org.springframework.boot.web.embedded.undertow.UndertowWebServer.start(UndertowWebServer.java:123) ~[spring-boot-2.6.6.jar!/:2.6.6]
	at org.springframework.boot.web.servlet.context.WebServerStartStopLifecycle.start(WebServerStartStopLifecycle.java:43) ~[spring-boot-2.6.6.jar!/:2.6.6]
	at org.springframework.context.support.DefaultLifecycleProcessor.doStart(DefaultLifecycleProcessor.java:178) ~[spring-context-5.3.18.jar!/:5.3.18]
	... 22 common frames omitted

2025-01-07 21:55:52.749 ERROR 28932 --- [main] o.s.b.d.LoggingFailureAnalysisReporter   : 

***************************
APPLICATION FAILED TO START
***************************

Description:

Web server failed to start. Port 8080 was already in use.

Action:

Identify and stop the process that's listening on port 8080 or configure this application to listen on another port.

2025-01-07 21:56:01.456  WARN 29163 --- [main] io.undertow.websockets.jsr               : UT026010: Buffer pool was not set on WebSocketDeploymentInfo, the default pool will be used
2025-01-07 21:56:03.046  WARN 29163 --- [main] l.server.config.SentryConfiguration      : Turning off sentry
2025-01-07 21:56:03.546  WARN 29163 --- [main] ConfigServletWebServerApplicationContext : Exception encountered during context initialization - cancelling refresh attempt: org.springframework.context.ApplicationContextException: Failed to start bean 'webServerStartStop'; nested exception is org.springframework.boot.web.server.PortInUseException: Port 8080 is already in use
2025-01-07 21:56:03.559 ERROR 29163 --- [main] lavalink.server.Launcher                 : Application failed

org.springframework.context.ApplicationContextException: Failed to start bean 'webServerStartStop'; nested exception is org.springframework.boot.web.server.PortInUseException: Port 8080 is already in use
	at org.springframework.context.support.DefaultLifecycleProcessor.doStart(DefaultLifecycleProcessor.java:181) ~[spring-context-5.3.18.jar!/:5.3.18]
	at org.springframework.context.support.DefaultLifecycleProcessor.access$200(DefaultLifecycleProcessor.java:54) ~[spring-context-5.3.18.jar!/:5.3.18]
	at org.springframework.context.support.DefaultLifecycleProcessor$LifecycleGroup.start(DefaultLifecycleProcessor.java:356) ~[spring-context-5.3.18.jar!/:5.3.18]
	at java.base/java.lang.Iterable.forEach(Iterable.java:75) ~[na:na]
	at org.springframework.context.support.DefaultLifecycleProcessor.startBeans(DefaultLifecycleProcessor.java:155) ~[spring-context-5.3.18.jar!/:5.3.18]
	at org.springframework.context.support.DefaultLifecycleProcessor.onRefresh(DefaultLifecycleProcessor.java:123) ~[spring-context-5.3.18.jar!/:5.3.18]
	at org.springframework.context.support.AbstractApplicationContext.finishRefresh(AbstractApplicationContext.java:935) ~[spring-context-5.3.18.jar!/:5.3.18]
	at org.springframework.context.support.AbstractApplicationContext.refresh(AbstractApplicationContext.java:586) ~[spring-context-5.3.18.jar!/:5.3.18]
	at org.springframework.boot.web.servlet.context.ServletWebServerApplicationContext.refresh(ServletWebServerApplicationContext.java:145) ~[spring-boot-2.6.6.jar!/:2.6.6]
	at org.springframework.boot.SpringApplication.refresh(SpringApplication.java:740) ~[spring-boot-2.6.6.jar!/:2.6.6]
	at org.springframework.boot.SpringApplication.refreshContext(SpringApplication.java:415) ~[spring-boot-2.6.6.jar!/:2.6.6]
	at org.springframework.boot.SpringApplication.run(SpringApplication.java:303) ~[spring-boot-2.6.6.jar!/:2.6.6]
	at org.springframework.boot.builder.SpringApplicationBuilder.run(SpringApplicationBuilder.java:164) ~[spring-boot-2.6.6.jar!/:2.6.6]
	at lavalink.server.Launcher.launchMain(Launcher.kt:165) ~[classes!/:na]
	at lavalink.server.Launcher.main(Launcher.kt:127) ~[classes!/:na]
	at java.base/jdk.internal.reflect.NativeMethodAccessorImpl.invoke0(Native Method) ~[na:na]
	at java.base/jdk.internal.reflect.NativeMethodAccessorImpl.invoke(NativeMethodAccessorImpl.java:78) ~[na:na]
	at java.base/jdk.internal.reflect.DelegatingMethodAccessorImpl.invoke(DelegatingMethodAccessorImpl.java:43) ~[na:na]
	at java.base/java.lang.reflect.Method.invoke(Method.java:567) ~[na:na]
	at org.springframework.boot.loader.MainMethodRunner.run(MainMethodRunner.java:49) ~[Lavalink.jar:na]
	at org.springframework.boot.loader.Launcher.launch(Launcher.java:108) ~[Lavalink.jar:na]
	at org.springframework.boot.loader.Launcher.launch(Launcher.java:58) ~[Lavalink.jar:na]
	at org.springframework.boot.loader.JarLauncher.main(JarLauncher.java:88) ~[Lavalink.jar:na]
Caused by: org.springframework.boot.web.server.PortInUseException: Port 8080 is already in use
	at org.springframework.boot.web.embedded.undertow.UndertowWebServer.lambda$start$0(UndertowWebServer.java:127) ~[spring-boot-2.6.6.jar!/:2.6.6]
	at org.springframework.boot.web.server.PortInUseException.lambda$ifPortBindingException$1(PortInUseException.java:85) ~[spring-boot-2.6.6.jar!/:2.6.6]
	at org.springframework.boot.web.server.PortInUseException.ifCausedBy(PortInUseException.java:103) ~[spring-boot-2.6.6.jar!/:2.6.6]
	at org.springframework.boot.web.server.PortInUseException.ifPortBindingException(PortInUseException.java:82) ~[spring-boot-2.6.6.jar!/:2.6.6]
	at org.springframework.boot.web.embedded.undertow.UndertowWebServer.start(UndertowWebServer.java:123) ~[spring-boot-2.6.6.jar!/:2.6.6]
	at org.springframework.boot.web.servlet.context.WebServerStartStopLifecycle.start(WebServerStartStopLifecycle.java:43) ~[spring-boot-2.6.6.jar!/:2.6.6]
	at org.springframework.context.support.DefaultLifecycleProcessor.doStart(DefaultLifecycleProcessor.java:178) ~[spring-context-5.3.18.jar!/:5.3.18]
	... 22 common frames omitted

2025-01-07 21:56:03.590 ERROR 29163 --- [main] o.s.b.d.LoggingFailureAnalysisReporter   : 

***************************
APPLICATION FAILED TO START
***************************

Description:

Web server failed to start. Port 8080 was already in use.

Action:

Identify and stop the process that's listening on port 8080 or configure this application to listen on another port.

2025-01-07 21:56:12.624  WARN 29398 --- [main] io.undertow.websockets.jsr               : UT026010: Buffer pool was not set on WebSocketDeploymentInfo, the default pool will be used
2025-01-07 21:56:13.803  WARN 29398 --- [main] l.server.config.SentryConfiguration      : Turning off sentry
2025-01-07 21:56:14.268  WARN 29398 --- [main] ConfigServletWebServerApplicationContext : Exception encountered during context initialization - cancelling refresh attempt: org.springframework.context.ApplicationContextException: Failed to start bean 'webServerStartStop'; nested exception is org.springframework.boot.web.server.PortInUseException: Port 8080 is already in use
2025-01-07 21:56:14.279 ERROR 29398 --- [main] lavalink.server.Launcher                 : Application failed

org.springframework.context.ApplicationContextException: Failed to start bean 'webServerStartStop'; nested exception is org.springframework.boot.web.server.PortInUseException: Port 8080 is already in use
	at org.springframework.context.support.DefaultLifecycleProcessor.doStart(DefaultLifecycleProcessor.java:181) ~[spring-context-5.3.18.jar!/:5.3.18]
	at org.springframework.context.support.DefaultLifecycleProcessor.access$200(DefaultLifecycleProcessor.java:54) ~[spring-context-5.3.18.jar!/:5.3.18]
	at org.springframework.context.support.DefaultLifecycleProcessor$LifecycleGroup.start(DefaultLifecycleProcessor.java:356) ~[spring-context-5.3.18.jar!/:5.3.18]
	at java.base/java.lang.Iterable.forEach(Iterable.java:75) ~[na:na]
	at org.springframework.context.support.DefaultLifecycleProcessor.startBeans(DefaultLifecycleProcessor.java:155) ~[spring-context-5.3.18.jar!/:5.3.18]
	at org.springframework.context.support.DefaultLifecycleProcessor.onRefresh(DefaultLifecycleProcessor.java:123) ~[spring-context-5.3.18.jar!/:5.3.18]
	at org.springframework.context.support.AbstractApplicationContext.finishRefresh(AbstractApplicationContext.java:935) ~[spring-context-5.3.18.jar!/:5.3.18]
	at org.springframework.context.support.AbstractApplicationContext.refresh(AbstractApplicationContext.java:586) ~[spring-context-5.3.18.jar!/:5.3.18]
	at org.springframework.boot.web.servlet.context.ServletWebServerApplicationContext.refresh(ServletWebServerApplicationContext.java:145) ~[spring-boot-2.6.6.jar!/:2.6.6]
	at org.springframework.boot.SpringApplication.refresh(SpringApplication.java:740) ~[spring-boot-2.6.6.jar!/:2.6.6]
	at org.springframework.boot.SpringApplication.refreshContext(SpringApplication.java:415) ~[spring-boot-2.6.6.jar!/:2.6.6]
	at org.springframework.boot.SpringApplication.run(SpringApplication.java:303) ~[spring-boot-2.6.6.jar!/:2.6.6]
	at org.springframework.boot.builder.SpringApplicationBuilder.run(SpringApplicationBuilder.java:164) ~[spring-boot-2.6.6.jar!/:2.6.6]
	at lavalink.server.Launcher.launchMain(Launcher.kt:165) ~[classes!/:na]
	at lavalink.server.Launcher.main(Launcher.kt:127) ~[classes!/:na]
	at java.base/jdk.internal.reflect.NativeMethodAccessorImpl.invoke0(Native Method) ~[na:na]
	at java.base/jdk.internal.reflect.NativeMethodAccessorImpl.invoke(NativeMethodAccessorImpl.java:78) ~[na:na]
	at java.base/jdk.internal.reflect.DelegatingMethodAccessorImpl.invoke(DelegatingMethodAccessorImpl.java:43) ~[na:na]
	at java.base/java.lang.reflect.Method.invoke(Method.java:567) ~[na:na]
	at org.springframework.boot.loader.MainMethodRunner.run(MainMethodRunner.java:49) ~[Lavalink.jar:na]
	at org.springframework.boot.loader.Launcher.launch(Launcher.java:108) ~[Lavalink.jar:na]
	at org.springframework.boot.loader.Launcher.launch(Launcher.java:58) ~[Lavalink.jar:na]
	at org.springframework.boot.loader.JarLauncher.main(JarLauncher.java:88) ~[Lavalink.jar:na]
Caused by: org.springframework.boot.web.server.PortInUseException: Port 8080 is already in use
	at org.springframework.boot.web.embedded.undertow.UndertowWebServer.lambda$start$0(UndertowWebServer.java:127) ~[spring-boot-2.6.6.jar!/:2.6.6]
	at org.springframework.boot.web.server.PortInUseException.lambda$ifPortBindingException$1(PortInUseException.java:85) ~[spring-boot-2.6.6.jar!/:2.6.6]
	at org.springframework.boot.web.server.PortInUseException.ifCausedBy(PortInUseException.java:103) ~[spring-boot-2.6.6.jar!/:2.6.6]
	at org.springframework.boot.web.server.PortInUseException.ifPortBindingException(PortInUseException.java:82) ~[spring-boot-2.6.6.jar!/:2.6.6]
	at org.springframework.boot.web.embedded.undertow.UndertowWebServer.start(UndertowWebServer.java:123) ~[spring-boot-2.6.6.jar!/:2.6.6]
	at org.springframework.boot.web.servlet.context.WebServerStartStopLifecycle.start(WebServerStartStopLifecycle.java:43) ~[spring-boot-2.6.6.jar!/:2.6.6]
	at org.springframework.context.support.DefaultLifecycleProcessor.doStart(DefaultLifecycleProcessor.java:178) ~[spring-context-5.3.18.jar!/:5.3.18]
	... 22 common frames omitted

2025-01-07 21:56:14.312 ERROR 29398 --- [main] o.s.b.d.LoggingFailureAnalysisReporter   : 

***************************
APPLICATION FAILED TO START
***************************

Description:

Web server failed to start. Port 8080 was already in use.

Action:

Identify and stop the process that's listening on port 8080 or configure this application to listen on another port.

2025-01-07 21:56:23.649  WARN 29633 --- [main] io.undertow.websockets.jsr               : UT026010: Buffer pool was not set on WebSocketDeploymentInfo, the default pool will be used
2025-01-07 21:56:24.722  WARN 29633 --- [main] l.server.config.SentryConfiguration      : Turning off sentry
2025-01-07 21:56:25.213  WARN 29633 --- [main] ConfigServletWebServerApplicationContext : Exception encountered during context initialization - cancelling refresh attempt: org.springframework.context.ApplicationContextException: Failed to start bean 'webServerStartStop'; nested exception is org.springframework.boot.web.server.PortInUseException: Port 8080 is already in use
2025-01-07 21:56:25.224 ERROR 29633 --- [main] lavalink.server.Launcher                 : Application failed

org.springframework.context.ApplicationContextException: Failed to start bean 'webServerStartStop'; nested exception is org.springframework.boot.web.server.PortInUseException: Port 8080 is already in use
	at org.springframework.context.support.DefaultLifecycleProcessor.doStart(DefaultLifecycleProcessor.java:181) ~[spring-context-5.3.18.jar!/:5.3.18]
	at org.springframework.context.support.DefaultLifecycleProcessor.access$200(DefaultLifecycleProcessor.java:54) ~[spring-context-5.3.18.jar!/:5.3.18]
	at org.springframework.context.support.DefaultLifecycleProcessor$LifecycleGroup.start(DefaultLifecycleProcessor.java:356) ~[spring-context-5.3.18.jar!/:5.3.18]
	at java.base/java.lang.Iterable.forEach(Iterable.java:75) ~[na:na]
	at org.springframework.context.support.DefaultLifecycleProcessor.startBeans(DefaultLifecycleProcessor.java:155) ~[spring-context-5.3.18.jar!/:5.3.18]
	at org.springframework.context.support.DefaultLifecycleProcessor.onRefresh(DefaultLifecycleProcessor.java:123) ~[spring-context-5.3.18.jar!/:5.3.18]
	at org.springframework.context.support.AbstractApplicationContext.finishRefresh(AbstractApplicationContext.java:935) ~[spring-context-5.3.18.jar!/:5.3.18]
	at org.springframework.context.support.AbstractApplicationContext.refresh(AbstractApplicationContext.java:586) ~[spring-context-5.3.18.jar!/:5.3.18]
	at org.springframework.boot.web.servlet.context.ServletWebServerApplicationContext.refresh(ServletWebServerApplicationContext.java:145) ~[spring-boot-2.6.6.jar!/:2.6.6]
	at org.springframework.boot.SpringApplication.refresh(SpringApplication.java:740) ~[spring-boot-2.6.6.jar!/:2.6.6]
	at org.springframework.boot.SpringApplication.refreshContext(SpringApplication.java:415) ~[spring-boot-2.6.6.jar!/:2.6.6]
	at org.springframework.boot.SpringApplication.run(SpringApplication.java:303) ~[spring-boot-2.6.6.jar!/:2.6.6]
	at org.springframework.boot.builder.SpringApplicationBuilder.run(SpringApplicationBuilder.java:164) ~[spring-boot-2.6.6.jar!/:2.6.6]
	at lavalink.server.Launcher.launchMain(Launcher.kt:165) ~[classes!/:na]
	at lavalink.server.Launcher.main(Launcher.kt:127) ~[classes!/:na]
	at java.base/jdk.internal.reflect.NativeMethodAccessorImpl.invoke0(Native Method) ~[na:na]
	at java.base/jdk.internal.reflect.NativeMethodAccessorImpl.invoke(NativeMethodAccessorImpl.java:78) ~[na:na]
	at java.base/jdk.internal.reflect.DelegatingMethodAccessorImpl.invoke(DelegatingMethodAccessorImpl.java:43) ~[na:na]
	at java.base/java.lang.reflect.Method.invoke(Method.java:567) ~[na:na]
	at org.springframework.boot.loader.MainMethodRunner.run(MainMethodRunner.java:49) ~[Lavalink.jar:na]
	at org.springframework.boot.loader.Launcher.launch(Launcher.java:108) ~[Lavalink.jar:na]
	at org.springframework.boot.loader.Launcher.launch(Launcher.java:58) ~[Lavalink.jar:na]
	at org.springframework.boot.loader.JarLauncher.main(JarLauncher.java:88) ~[Lavalink.jar:na]
Caused by: org.springframework.boot.web.server.PortInUseException: Port 8080 is already in use
	at org.springframework.boot.web.embedded.undertow.UndertowWebServer.lambda$start$0(UndertowWebServer.java:127) ~[spring-boot-2.6.6.jar!/:2.6.6]
	at org.springframework.boot.web.server.PortInUseException.lambda$ifPortBindingException$1(PortInUseException.java:85) ~[spring-boot-2.6.6.jar!/:2.6.6]
	at org.springframework.boot.web.server.PortInUseException.ifCausedBy(PortInUseException.java:103) ~[spring-boot-2.6.6.jar!/:2.6.6]
	at org.springframework.boot.web.server.PortInUseException.ifPortBindingException(PortInUseException.java:82) ~[spring-boot-2.6.6.jar!/:2.6.6]
	at org.springframework.boot.web.embedded.undertow.UndertowWebServer.start(UndertowWebServer.java:123) ~[spring-boot-2.6.6.jar!/:2.6.6]
	at org.springframework.boot.web.servlet.context.WebServerStartStopLifecycle.start(WebServerStartStopLifecycle.java:43) ~[spring-boot-2.6.6.jar!/:2.6.6]
	at org.springframework.context.support.DefaultLifecycleProcessor.doStart(DefaultLifecycleProcessor.java:178) ~[spring-context-5.3.18.jar!/:5.3.18]
	... 22 common frames omitted

2025-01-07 21:56:25.247 ERROR 29633 --- [main] o.s.b.d.LoggingFailureAnalysisReporter   : 

***************************
APPLICATION FAILED TO START
***************************

Description:

Web server failed to start. Port 8080 was already in use.

Action:

Identify and stop the process that's listening on port 8080 or configure this application to listen on another port.

2025-01-07 21:56:47.145  WARN 30179 --- [main] io.undertow.websockets.jsr               : UT026010: Buffer pool was not set on WebSocketDeploymentInfo, the default pool will be used
2025-01-07 21:56:48.239  WARN 30179 --- [main] l.server.config.SentryConfiguration      : Turning off sentry
2025-01-07 21:56:48.734  WARN 30179 --- [main] ConfigServletWebServerApplicationContext : Exception encountered during context initialization - cancelling refresh attempt: org.springframework.context.ApplicationContextException: Failed to start bean 'webServerStartStop'; nested exception is org.springframework.boot.web.server.PortInUseException: Port 8080 is already in use
2025-01-07 21:56:48.752 ERROR 30179 --- [main] lavalink.server.Launcher                 : Application failed

org.springframework.context.ApplicationContextException: Failed to start bean 'webServerStartStop'; nested exception is org.springframework.boot.web.server.PortInUseException: Port 8080 is already in use
	at org.springframework.context.support.DefaultLifecycleProcessor.doStart(DefaultLifecycleProcessor.java:181) ~[spring-context-5.3.18.jar!/:5.3.18]
	at org.springframework.context.support.DefaultLifecycleProcessor.access$200(DefaultLifecycleProcessor.java:54) ~[spring-context-5.3.18.jar!/:5.3.18]
	at org.springframework.context.support.DefaultLifecycleProcessor$LifecycleGroup.start(DefaultLifecycleProcessor.java:356) ~[spring-context-5.3.18.jar!/:5.3.18]
	at java.base/java.lang.Iterable.forEach(Iterable.java:75) ~[na:na]
	at org.springframework.context.support.DefaultLifecycleProcessor.startBeans(DefaultLifecycleProcessor.java:155) ~[spring-context-5.3.18.jar!/:5.3.18]
	at org.springframework.context.support.DefaultLifecycleProcessor.onRefresh(DefaultLifecycleProcessor.java:123) ~[spring-context-5.3.18.jar!/:5.3.18]
	at org.springframework.context.support.AbstractApplicationContext.finishRefresh(AbstractApplicationContext.java:935) ~[spring-context-5.3.18.jar!/:5.3.18]
	at org.springframework.context.support.AbstractApplicationContext.refresh(AbstractApplicationContext.java:586) ~[spring-context-5.3.18.jar!/:5.3.18]
	at org.springframework.boot.web.servlet.context.ServletWebServerApplicationContext.refresh(ServletWebServerApplicationContext.java:145) ~[spring-boot-2.6.6.jar!/:2.6.6]
	at org.springframework.boot.SpringApplication.refresh(SpringApplication.java:740) ~[spring-boot-2.6.6.jar!/:2.6.6]
	at org.springframework.boot.SpringApplication.refreshContext(SpringApplication.java:415) ~[spring-boot-2.6.6.jar!/:2.6.6]
	at org.springframework.boot.SpringApplication.run(SpringApplication.java:303) ~[spring-boot-2.6.6.jar!/:2.6.6]
	at org.springframework.boot.builder.SpringApplicationBuilder.run(SpringApplicationBuilder.java:164) ~[spring-boot-2.6.6.jar!/:2.6.6]
	at lavalink.server.Launcher.launchMain(Launcher.kt:165) ~[classes!/:na]
	at lavalink.server.Launcher.main(Launcher.kt:127) ~[classes!/:na]
	at java.base/jdk.internal.reflect.NativeMethodAccessorImpl.invoke0(Native Method) ~[na:na]
	at java.base/jdk.internal.reflect.NativeMethodAccessorImpl.invoke(NativeMethodAccessorImpl.java:78) ~[na:na]
	at java.base/jdk.internal.reflect.DelegatingMethodAccessorImpl.invoke(DelegatingMethodAccessorImpl.java:43) ~[na:na]
	at java.base/java.lang.reflect.Method.invoke(Method.java:567) ~[na:na]
	at org.springframework.boot.loader.MainMethodRunner.run(MainMethodRunner.java:49) ~[Lavalink.jar:na]
	at org.springframework.boot.loader.Launcher.launch(Launcher.java:108) ~[Lavalink.jar:na]
	at org.springframework.boot.loader.Launcher.launch(Launcher.java:58) ~[Lavalink.jar:na]
	at org.springframework.boot.loader.JarLauncher.main(JarLauncher.java:88) ~[Lavalink.jar:na]
Caused by: org.springframework.boot.web.server.PortInUseException: Port 8080 is already in use
	at org.springframework.boot.web.embedded.undertow.UndertowWebServer.lambda$start$0(UndertowWebServer.java:127) ~[spring-boot-2.6.6.jar!/:2.6.6]
	at org.springframework.boot.web.server.PortInUseException.lambda$ifPortBindingException$1(PortInUseException.java:85) ~[spring-boot-2.6.6.jar!/:2.6.6]
	at org.springframework.boot.web.server.PortInUseException.ifCausedBy(PortInUseException.java:103) ~[spring-boot-2.6.6.jar!/:2.6.6]
	at org.springframework.boot.web.server.PortInUseException.ifPortBindingException(PortInUseException.java:82) ~[spring-boot-2.6.6.jar!/:2.6.6]
	at org.springframework.boot.web.embedded.undertow.UndertowWebServer.start(UndertowWebServer.java:123) ~[spring-boot-2.6.6.jar!/:2.6.6]
	at org.springframework.boot.web.servlet.context.WebServerStartStopLifecycle.start(WebServerStartStopLifecycle.java:43) ~[spring-boot-2.6.6.jar!/:2.6.6]
	at org.springframework.context.support.DefaultLifecycleProcessor.doStart(DefaultLifecycleProcessor.java:178) ~[spring-context-5.3.18.jar!/:5.3.18]
	... 22 common frames omitted

2025-01-07 21:56:48.810 ERROR 30179 --- [main] o.s.b.d.LoggingFailureAnalysisReporter   : 

***************************
APPLICATION FAILED TO START
***************************

Description:

Web server failed to start. Port 8080 was already in use.

Action:

Identify and stop the process that's listening on port 8080 or configure this application to listen on another port.

2025-01-07 21:56:57.251  WARN 30417 --- [main] io.undertow.websockets.jsr               : UT026010: Buffer pool was not set on WebSocketDeploymentInfo, the default pool will be used
2025-01-07 21:56:58.816  WARN 30417 --- [main] l.server.config.SentryConfiguration      : Turning off sentry
2025-01-07 21:56:59.348  WARN 30417 --- [main] ConfigServletWebServerApplicationContext : Exception encountered during context initialization - cancelling refresh attempt: org.springframework.context.ApplicationContextException: Failed to start bean 'webServerStartStop'; nested exception is org.springframework.boot.web.server.PortInUseException: Port 8080 is already in use
2025-01-07 21:56:59.361 ERROR 30417 --- [main] lavalink.server.Launcher                 : Application failed

org.springframework.context.ApplicationContextException: Failed to start bean 'webServerStartStop'; nested exception is org.springframework.boot.web.server.PortInUseException: Port 8080 is already in use
	at org.springframework.context.support.DefaultLifecycleProcessor.doStart(DefaultLifecycleProcessor.java:181) ~[spring-context-5.3.18.jar!/:5.3.18]
	at org.springframework.context.support.DefaultLifecycleProcessor.access$200(DefaultLifecycleProcessor.java:54) ~[spring-context-5.3.18.jar!/:5.3.18]
	at org.springframework.context.support.DefaultLifecycleProcessor$LifecycleGroup.start(DefaultLifecycleProcessor.java:356) ~[spring-context-5.3.18.jar!/:5.3.18]
	at java.base/java.lang.Iterable.forEach(Iterable.java:75) ~[na:na]
	at org.springframework.context.support.DefaultLifecycleProcessor.startBeans(DefaultLifecycleProcessor.java:155) ~[spring-context-5.3.18.jar!/:5.3.18]
	at org.springframework.context.support.DefaultLifecycleProcessor.onRefresh(DefaultLifecycleProcessor.java:123) ~[spring-context-5.3.18.jar!/:5.3.18]
	at org.springframework.context.support.AbstractApplicationContext.finishRefresh(AbstractApplicationContext.java:935) ~[spring-context-5.3.18.jar!/:5.3.18]
	at org.springframework.context.support.AbstractApplicationContext.refresh(AbstractApplicationContext.java:586) ~[spring-context-5.3.18.jar!/:5.3.18]
	at org.springframework.boot.web.servlet.context.ServletWebServerApplicationContext.refresh(ServletWebServerApplicationContext.java:145) ~[spring-boot-2.6.6.jar!/:2.6.6]
	at org.springframework.boot.SpringApplication.refresh(SpringApplication.java:740) ~[spring-boot-2.6.6.jar!/:2.6.6]
	at org.springframework.boot.SpringApplication.refreshContext(SpringApplication.java:415) ~[spring-boot-2.6.6.jar!/:2.6.6]
	at org.springframework.boot.SpringApplication.run(SpringApplication.java:303) ~[spring-boot-2.6.6.jar!/:2.6.6]
	at org.springframework.boot.builder.SpringApplicationBuilder.run(SpringApplicationBuilder.java:164) ~[spring-boot-2.6.6.jar!/:2.6.6]
	at lavalink.server.Launcher.launchMain(Launcher.kt:165) ~[classes!/:na]
	at lavalink.server.Launcher.main(Launcher.kt:127) ~[classes!/:na]
	at java.base/jdk.internal.reflect.NativeMethodAccessorImpl.invoke0(Native Method) ~[na:na]
	at java.base/jdk.internal.reflect.NativeMethodAccessorImpl.invoke(NativeMethodAccessorImpl.java:78) ~[na:na]
	at java.base/jdk.internal.reflect.DelegatingMethodAccessorImpl.invoke(DelegatingMethodAccessorImpl.java:43) ~[na:na]
	at java.base/java.lang.reflect.Method.invoke(Method.java:567) ~[na:na]
	at org.springframework.boot.loader.MainMethodRunner.run(MainMethodRunner.java:49) ~[Lavalink.jar:na]
	at org.springframework.boot.loader.Launcher.launch(Launcher.java:108) ~[Lavalink.jar:na]
	at org.springframework.boot.loader.Launcher.launch(Launcher.java:58) ~[Lavalink.jar:na]
	at org.springframework.boot.loader.JarLauncher.main(JarLauncher.java:88) ~[Lavalink.jar:na]
Caused by: org.springframework.boot.web.server.PortInUseException: Port 8080 is already in use
	at org.springframework.boot.web.embedded.undertow.UndertowWebServer.lambda$start$0(UndertowWebServer.java:127) ~[spring-boot-2.6.6.jar!/:2.6.6]
	at org.springframework.boot.web.server.PortInUseException.lambda$ifPortBindingException$1(PortInUseException.java:85) ~[spring-boot-2.6.6.jar!/:2.6.6]
	at org.springframework.boot.web.server.PortInUseException.ifCausedBy(PortInUseException.java:103) ~[spring-boot-2.6.6.jar!/:2.6.6]
	at org.springframework.boot.web.server.PortInUseException.ifPortBindingException(PortInUseException.java:82) ~[spring-boot-2.6.6.jar!/:2.6.6]
	at org.springframework.boot.web.embedded.undertow.UndertowWebServer.start(UndertowWebServer.java:123) ~[spring-boot-2.6.6.jar!/:2.6.6]
	at org.springframework.boot.web.servlet.context.WebServerStartStopLifecycle.start(WebServerStartStopLifecycle.java:43) ~[spring-boot-2.6.6.jar!/:2.6.6]
	at org.springframework.context.support.DefaultLifecycleProcessor.doStart(DefaultLifecycleProcessor.java:178) ~[spring-context-5.3.18.jar!/:5.3.18]
	... 22 common frames omitted

2025-01-07 21:56:59.388 ERROR 30417 --- [main] o.s.b.d.LoggingFailureAnalysisReporter   : 

***************************
APPLICATION FAILED TO START
***************************

Description:

Web server failed to start. Port 8080 was already in use.

Action:

Identify and stop the process that's listening on port 8080 or configure this application to listen on another port.

2025-01-07 21:57:08.563  WARN 30684 --- [main] io.undertow.websockets.jsr               : UT026010: Buffer pool was not set on WebSocketDeploymentInfo, the default pool will be used
2025-01-07 21:57:10.336  WARN 30684 --- [main] l.server.config.SentryConfiguration      : Turning off sentry
2025-01-07 21:57:10.872  WARN 30684 --- [main] ConfigServletWebServerApplicationContext : Exception encountered during context initialization - cancelling refresh attempt: org.springframework.context.ApplicationContextException: Failed to start bean 'webServerStartStop'; nested exception is org.springframework.boot.web.server.PortInUseException: Port 8080 is already in use
2025-01-07 21:57:10.883 ERROR 30684 --- [main] lavalink.server.Launcher                 : Application failed

org.springframework.context.ApplicationContextException: Failed to start bean 'webServerStartStop'; nested exception is org.springframework.boot.web.server.PortInUseException: Port 8080 is already in use
	at org.springframework.context.support.DefaultLifecycleProcessor.doStart(DefaultLifecycleProcessor.java:181) ~[spring-context-5.3.18.jar!/:5.3.18]
	at org.springframework.context.support.DefaultLifecycleProcessor.access$200(DefaultLifecycleProcessor.java:54) ~[spring-context-5.3.18.jar!/:5.3.18]
	at org.springframework.context.support.DefaultLifecycleProcessor$LifecycleGroup.start(DefaultLifecycleProcessor.java:356) ~[spring-context-5.3.18.jar!/:5.3.18]
	at java.base/java.lang.Iterable.forEach(Iterable.java:75) ~[na:na]
	at org.springframework.context.support.DefaultLifecycleProcessor.startBeans(DefaultLifecycleProcessor.java:155) ~[spring-context-5.3.18.jar!/:5.3.18]
	at org.springframework.context.support.DefaultLifecycleProcessor.onRefresh(DefaultLifecycleProcessor.java:123) ~[spring-context-5.3.18.jar!/:5.3.18]
	at org.springframework.context.support.AbstractApplicationContext.finishRefresh(AbstractApplicationContext.java:935) ~[spring-context-5.3.18.jar!/:5.3.18]
	at org.springframework.context.support.AbstractApplicationContext.refresh(AbstractApplicationContext.java:586) ~[spring-context-5.3.18.jar!/:5.3.18]
	at org.springframework.boot.web.servlet.context.ServletWebServerApplicationContext.refresh(ServletWebServerApplicationContext.java:145) ~[spring-boot-2.6.6.jar!/:2.6.6]
	at org.springframework.boot.SpringApplication.refresh(SpringApplication.java:740) ~[spring-boot-2.6.6.jar!/:2.6.6]
	at org.springframework.boot.SpringApplication.refreshContext(SpringApplication.java:415) ~[spring-boot-2.6.6.jar!/:2.6.6]
	at org.springframework.boot.SpringApplication.run(SpringApplication.java:303) ~[spring-boot-2.6.6.jar!/:2.6.6]
	at org.springframework.boot.builder.SpringApplicationBuilder.run(SpringApplicationBuilder.java:164) ~[spring-boot-2.6.6.jar!/:2.6.6]
	at lavalink.server.Launcher.launchMain(Launcher.kt:165) ~[classes!/:na]
	at lavalink.server.Launcher.main(Launcher.kt:127) ~[classes!/:na]
	at java.base/jdk.internal.reflect.NativeMethodAccessorImpl.invoke0(Native Method) ~[na:na]
	at java.base/jdk.internal.reflect.NativeMethodAccessorImpl.invoke(NativeMethodAccessorImpl.java:78) ~[na:na]
	at java.base/jdk.internal.reflect.DelegatingMethodAccessorImpl.invoke(DelegatingMethodAccessorImpl.java:43) ~[na:na]
	at java.base/java.lang.reflect.Method.invoke(Method.java:567) ~[na:na]
	at org.springframework.boot.loader.MainMethodRunner.run(MainMethodRunner.java:49) ~[Lavalink.jar:na]
	at org.springframework.boot.loader.Launcher.launch(Launcher.java:108) ~[Lavalink.jar:na]
	at org.springframework.boot.loader.Launcher.launch(Launcher.java:58) ~[Lavalink.jar:na]
	at org.springframework.boot.loader.JarLauncher.main(JarLauncher.java:88) ~[Lavalink.jar:na]
Caused by: org.springframework.boot.web.server.PortInUseException: Port 8080 is already in use
	at org.springframework.boot.web.embedded.undertow.UndertowWebServer.lambda$start$0(UndertowWebServer.java:127) ~[spring-boot-2.6.6.jar!/:2.6.6]
	at org.springframework.boot.web.server.PortInUseException.lambda$ifPortBindingException$1(PortInUseException.java:85) ~[spring-boot-2.6.6.jar!/:2.6.6]
	at org.springframework.boot.web.server.PortInUseException.ifCausedBy(PortInUseException.java:103) ~[spring-boot-2.6.6.jar!/:2.6.6]
	at org.springframework.boot.web.server.PortInUseException.ifPortBindingException(PortInUseException.java:82) ~[spring-boot-2.6.6.jar!/:2.6.6]
	at org.springframework.boot.web.embedded.undertow.UndertowWebServer.start(UndertowWebServer.java:123) ~[spring-boot-2.6.6.jar!/:2.6.6]
	at org.springframework.boot.web.servlet.context.WebServerStartStopLifecycle.start(WebServerStartStopLifecycle.java:43) ~[spring-boot-2.6.6.jar!/:2.6.6]
	at org.springframework.context.support.DefaultLifecycleProcessor.doStart(DefaultLifecycleProcessor.java:178) ~[spring-context-5.3.18.jar!/:5.3.18]
	... 22 common frames omitted

2025-01-07 21:57:10.912 ERROR 30684 --- [main] o.s.b.d.LoggingFailureAnalysisReporter   : 

***************************
APPLICATION FAILED TO START
***************************

Description:

Web server failed to start. Port 8080 was already in use.

Action:

Identify and stop the process that's listening on port 8080 or configure this application to listen on another port.

2025-01-07 21:57:47.897  WARN 31259 --- [main] io.undertow.websockets.jsr               : UT026010: Buffer pool was not set on WebSocketDeploymentInfo, the default pool will be used
2025-01-07 21:57:49.138  WARN 31259 --- [main] l.server.config.SentryConfiguration      : Turning off sentry
2025-01-07 21:57:49.679  WARN 31259 --- [main] ConfigServletWebServerApplicationContext : Exception encountered during context initialization - cancelling refresh attempt: org.springframework.context.ApplicationContextException: Failed to start bean 'webServerStartStop'; nested exception is org.springframework.boot.web.server.PortInUseException: Port 8080 is already in use
2025-01-07 21:57:49.688 ERROR 31259 --- [main] lavalink.server.Launcher                 : Application failed

org.springframework.context.ApplicationContextException: Failed to start bean 'webServerStartStop'; nested exception is org.springframework.boot.web.server.PortInUseException: Port 8080 is already in use
	at org.springframework.context.support.DefaultLifecycleProcessor.doStart(DefaultLifecycleProcessor.java:181) ~[spring-context-5.3.18.jar!/:5.3.18]
	at org.springframework.context.support.DefaultLifecycleProcessor.access$200(DefaultLifecycleProcessor.java:54) ~[spring-context-5.3.18.jar!/:5.3.18]
	at org.springframework.context.support.DefaultLifecycleProcessor$LifecycleGroup.start(DefaultLifecycleProcessor.java:356) ~[spring-context-5.3.18.jar!/:5.3.18]
	at java.base/java.lang.Iterable.forEach(Iterable.java:75) ~[na:na]
	at org.springframework.context.support.DefaultLifecycleProcessor.startBeans(DefaultLifecycleProcessor.java:155) ~[spring-context-5.3.18.jar!/:5.3.18]
	at org.springframework.context.support.DefaultLifecycleProcessor.onRefresh(DefaultLifecycleProcessor.java:123) ~[spring-context-5.3.18.jar!/:5.3.18]
	at org.springframework.context.support.AbstractApplicationContext.finishRefresh(AbstractApplicationContext.java:935) ~[spring-context-5.3.18.jar!/:5.3.18]
	at org.springframework.context.support.AbstractApplicationContext.refresh(AbstractApplicationContext.java:586) ~[spring-context-5.3.18.jar!/:5.3.18]
	at org.springframework.boot.web.servlet.context.ServletWebServerApplicationContext.refresh(ServletWebServerApplicationContext.java:145) ~[spring-boot-2.6.6.jar!/:2.6.6]
	at org.springframework.boot.SpringApplication.refresh(SpringApplication.java:740) ~[spring-boot-2.6.6.jar!/:2.6.6]
	at org.springframework.boot.SpringApplication.refreshContext(SpringApplication.java:415) ~[spring-boot-2.6.6.jar!/:2.6.6]
	at org.springframework.boot.SpringApplication.run(SpringApplication.java:303) ~[spring-boot-2.6.6.jar!/:2.6.6]
	at org.springframework.boot.builder.SpringApplicationBuilder.run(SpringApplicationBuilder.java:164) ~[spring-boot-2.6.6.jar!/:2.6.6]
	at lavalink.server.Launcher.launchMain(Launcher.kt:165) ~[classes!/:na]
	at lavalink.server.Launcher.main(Launcher.kt:127) ~[classes!/:na]
	at java.base/jdk.internal.reflect.NativeMethodAccessorImpl.invoke0(Native Method) ~[na:na]
	at java.base/jdk.internal.reflect.NativeMethodAccessorImpl.invoke(NativeMethodAccessorImpl.java:78) ~[na:na]
	at java.base/jdk.internal.reflect.DelegatingMethodAccessorImpl.invoke(DelegatingMethodAccessorImpl.java:43) ~[na:na]
	at java.base/java.lang.reflect.Method.invoke(Method.java:567) ~[na:na]
	at org.springframework.boot.loader.MainMethodRunner.run(MainMethodRunner.java:49) ~[Lavalink.jar:na]
	at org.springframework.boot.loader.Launcher.launch(Launcher.java:108) ~[Lavalink.jar:na]
	at org.springframework.boot.loader.Launcher.launch(Launcher.java:58) ~[Lavalink.jar:na]
	at org.springframework.boot.loader.JarLauncher.main(JarLauncher.java:88) ~[Lavalink.jar:na]
Caused by: org.springframework.boot.web.server.PortInUseException: Port 8080 is already in use
	at org.springframework.boot.web.embedded.undertow.UndertowWebServer.lambda$start$0(UndertowWebServer.java:127) ~[spring-boot-2.6.6.jar!/:2.6.6]
	at org.springframework.boot.web.server.PortInUseException.lambda$ifPortBindingException$1(PortInUseException.java:85) ~[spring-boot-2.6.6.jar!/:2.6.6]
	at org.springframework.boot.web.server.PortInUseException.ifCausedBy(PortInUseException.java:103) ~[spring-boot-2.6.6.jar!/:2.6.6]
	at org.springframework.boot.web.server.PortInUseException.ifPortBindingException(PortInUseException.java:82) ~[spring-boot-2.6.6.jar!/:2.6.6]
	at org.springframework.boot.web.embedded.undertow.UndertowWebServer.start(UndertowWebServer.java:123) ~[spring-boot-2.6.6.jar!/:2.6.6]
	at org.springframework.boot.web.servlet.context.WebServerStartStopLifecycle.start(WebServerStartStopLifecycle.java:43) ~[spring-boot-2.6.6.jar!/:2.6.6]
	at org.springframework.context.support.DefaultLifecycleProcessor.doStart(DefaultLifecycleProcessor.java:178) ~[spring-context-5.3.18.jar!/:5.3.18]
	... 22 common frames omitted

2025-01-07 21:57:49.714 ERROR 31259 --- [main] o.s.b.d.LoggingFailureAnalysisReporter   : 

***************************
APPLICATION FAILED TO START
***************************

Description:

Web server failed to start. Port 8080 was already in use.

Action:

Identify and stop the process that's listening on port 8080 or configure this application to listen on another port.

2025-01-07 21:57:58.421  WARN 31493 --- [main] io.undertow.websockets.jsr               : UT026010: Buffer pool was not set on WebSocketDeploymentInfo, the default pool will be used
2025-01-07 21:57:59.846  WARN 31493 --- [main] l.server.config.SentryConfiguration      : Turning off sentry
2025-01-07 21:58:00.376  WARN 31493 --- [main] ConfigServletWebServerApplicationContext : Exception encountered during context initialization - cancelling refresh attempt: org.springframework.context.ApplicationContextException: Failed to start bean 'webServerStartStop'; nested exception is org.springframework.boot.web.server.PortInUseException: Port 8080 is already in use
2025-01-07 21:58:00.384 ERROR 31493 --- [main] lavalink.server.Launcher                 : Application failed

org.springframework.context.ApplicationContextException: Failed to start bean 'webServerStartStop'; nested exception is org.springframework.boot.web.server.PortInUseException: Port 8080 is already in use
	at org.springframework.context.support.DefaultLifecycleProcessor.doStart(DefaultLifecycleProcessor.java:181) ~[spring-context-5.3.18.jar!/:5.3.18]
	at org.springframework.context.support.DefaultLifecycleProcessor.access$200(DefaultLifecycleProcessor.java:54) ~[spring-context-5.3.18.jar!/:5.3.18]
	at org.springframework.context.support.DefaultLifecycleProcessor$LifecycleGroup.start(DefaultLifecycleProcessor.java:356) ~[spring-context-5.3.18.jar!/:5.3.18]
	at java.base/java.lang.Iterable.forEach(Iterable.java:75) ~[na:na]
	at org.springframework.context.support.DefaultLifecycleProcessor.startBeans(DefaultLifecycleProcessor.java:155) ~[spring-context-5.3.18.jar!/:5.3.18]
	at org.springframework.context.support.DefaultLifecycleProcessor.onRefresh(DefaultLifecycleProcessor.java:123) ~[spring-context-5.3.18.jar!/:5.3.18]
	at org.springframework.context.support.AbstractApplicationContext.finishRefresh(AbstractApplicationContext.java:935) ~[spring-context-5.3.18.jar!/:5.3.18]
	at org.springframework.context.support.AbstractApplicationContext.refresh(AbstractApplicationContext.java:586) ~[spring-context-5.3.18.jar!/:5.3.18]
	at org.springframework.boot.web.servlet.context.ServletWebServerApplicationContext.refresh(ServletWebServerApplicationContext.java:145) ~[spring-boot-2.6.6.jar!/:2.6.6]
	at org.springframework.boot.SpringApplication.refresh(SpringApplication.java:740) ~[spring-boot-2.6.6.jar!/:2.6.6]
	at org.springframework.boot.SpringApplication.refreshContext(SpringApplication.java:415) ~[spring-boot-2.6.6.jar!/:2.6.6]
	at org.springframework.boot.SpringApplication.run(SpringApplication.java:303) ~[spring-boot-2.6.6.jar!/:2.6.6]
	at org.springframework.boot.builder.SpringApplicationBuilder.run(SpringApplicationBuilder.java:164) ~[spring-boot-2.6.6.jar!/:2.6.6]
	at lavalink.server.Launcher.launchMain(Launcher.kt:165) ~[classes!/:na]
	at lavalink.server.Launcher.main(Launcher.kt:127) ~[classes!/:na]
	at java.base/jdk.internal.reflect.NativeMethodAccessorImpl.invoke0(Native Method) ~[na:na]
	at java.base/jdk.internal.reflect.NativeMethodAccessorImpl.invoke(NativeMethodAccessorImpl.java:78) ~[na:na]
	at java.base/jdk.internal.reflect.DelegatingMethodAccessorImpl.invoke(DelegatingMethodAccessorImpl.java:43) ~[na:na]
	at java.base/java.lang.reflect.Method.invoke(Method.java:567) ~[na:na]
	at org.springframework.boot.loader.MainMethodRunner.run(MainMethodRunner.java:49) ~[Lavalink.jar:na]
	at org.springframework.boot.loader.Launcher.launch(Launcher.java:108) ~[Lavalink.jar:na]
	at org.springframework.boot.loader.Launcher.launch(Launcher.java:58) ~[Lavalink.jar:na]
	at org.springframework.boot.loader.JarLauncher.main(JarLauncher.java:88) ~[Lavalink.jar:na]
Caused by: org.springframework.boot.web.server.PortInUseException: Port 8080 is already in use
	at org.springframework.boot.web.embedded.undertow.UndertowWebServer.lambda$start$0(UndertowWebServer.java:127) ~[spring-boot-2.6.6.jar!/:2.6.6]
	at org.springframework.boot.web.server.PortInUseException.lambda$ifPortBindingException$1(PortInUseException.java:85) ~[spring-boot-2.6.6.jar!/:2.6.6]
	at org.springframework.boot.web.server.PortInUseException.ifCausedBy(PortInUseException.java:103) ~[spring-boot-2.6.6.jar!/:2.6.6]
	at org.springframework.boot.web.server.PortInUseException.ifPortBindingException(PortInUseException.java:82) ~[spring-boot-2.6.6.jar!/:2.6.6]
	at org.springframework.boot.web.embedded.undertow.UndertowWebServer.start(UndertowWebServer.java:123) ~[spring-boot-2.6.6.jar!/:2.6.6]
	at org.springframework.boot.web.servlet.context.WebServerStartStopLifecycle.start(WebServerStartStopLifecycle.java:43) ~[spring-boot-2.6.6.jar!/:2.6.6]
	at org.springframework.context.support.DefaultLifecycleProcessor.doStart(DefaultLifecycleProcessor.java:178) ~[spring-context-5.3.18.jar!/:5.3.18]
	... 22 common frames omitted

2025-01-07 21:58:00.404 ERROR 31493 --- [main] o.s.b.d.LoggingFailureAnalysisReporter   : 

***************************
APPLICATION FAILED TO START
***************************

Description:

Web server failed to start. Port 8080 was already in use.

Action:

Identify and stop the process that's listening on port 8080 or configure this application to listen on another port.

2025-01-07 21:58:43.473  WARN 32254 --- [main] io.undertow.websockets.jsr               : UT026010: Buffer pool was not set on WebSocketDeploymentInfo, the default pool will be used
2025-01-07 21:58:44.559  WARN 32254 --- [main] l.server.config.SentryConfiguration      : Turning off sentry
2025-01-07 22:19:11.280  WARN 40828 --- [main] io.undertow.websockets.jsr               : UT026010: Buffer pool was not set on WebSocketDeploymentInfo, the default pool will be used
2025-01-07 22:19:12.355  WARN 40828 --- [main] l.server.config.SentryConfiguration      : Turning off sentry
